Name,Meta Critic,Cost,Class,Country,Whiskey Type
Ledaig 42yo Dusgadh,9.46,$$$$$+,SingleMalt-like,Scotland,Malt
"Laphroaig 27yo 57.4% 1980-2007 (OB, 5 Oloroso Casks, 972 Bts)",9.39,$$$$$+,SingleMalt-like,Scotland,Malt
Glenfarclas 40yo,9.27,$$$$$+,SingleMalt-like,Scotland,Malt
Glengoyne 25yo,9.2,$$$$$+,SingleMalt-like,Scotland,Malt
Amrut Spectrum (Batch 1),9.18,$$$$$,SingleMalt-like,India,Malt
Highland Park 25yo,9.17,$$$$$+,SingleMalt-like,Scotland,Malt
Highland Park 40yo,9.16,$$$$$+,SingleMalt-like,Scotland,Malt
Aberlour A'Bunadh (Batch 33),9.12,$$$$,SingleMalt-like,Scotland,Malt
Amrut Greedy Angels (8yo and 10yo),9.12,$$$$$+,SingleMalt-like,India,Malt
Balvenie TUN 1401 (all 9 batches),9.12,$$$$$+,SingleMalt-like,Scotland,Malt
Highland Park 30yo,9.12,$$$$$+,SingleMalt-like,Scotland,Malt
Aberlour A'Bunadh (Batch 37),9.11,$$$$,SingleMalt-like,Scotland,Malt
Amrut Spectrum (all batches),9.11,$$$$$,SingleMalt-like,India,Malt
Kavalan Solist PX Cask,9.11,$$$$$+,SingleMalt-like,Taiwan,Malt
Nikka Single Cask Coffey Malt 12yo,9.11,$$$$$,SingleMalt-like,Japan,Malt
Redbreast 21yo,9.11,$$$$$,SingleMalt-like,Ireland,Malt
Laphroaig 25yo,9.1,$$$$$+,SingleMalt-like,Scotland,Malt
Yamazaki 18yo,9.1,$$$$$,SingleMalt-like,Japan,Malt
Aberlour A'Bunadh (Batch 49),9.09,$$$$,SingleMalt-like,Scotland,Malt
Amrut Spectrum 004 (Batch 2),9.09,$$$$$,SingleMalt-like,India,Malt
Compass Box Last Vatted Malt,9.09,$$$$$,SingleMalt-like,Scotland,Malt
Tamdhu 30yo (MacPhail Collection 2009),9.09,$$$$$,SingleMalt-like,Scotland,Malt
Aberlour A'Bunadh (Batch 40),9.08,$$$$,SingleMalt-like,Scotland,Malt
Aberlour A'Bunadh (Batch 52),9.07,$$$$,SingleMalt-like,Scotland,Malt
Highland Park 17yo The Dark,9.07,$$$$$,SingleMalt-like,Scotland,Malt
Kavalan Solist Sherry Cask,9.07,$$$$$,SingleMalt-like,Taiwan,Malt
Sheep Dip Old Hebridean 1990 Blended Malt,9.07,$$$$,SingleMalt-like,Scotland,Malt
Yamazaki Sherry Cask (all vintages),9.07,$$$$$+,SingleMalt-like,Japan,Malt
Bruichladdich 21yo Cuvée 407 PX,9.06,$$$$$+,SingleMalt-like,Scotland,Malt
Highland Park 16yo Odin,9.06,$$$$$+,SingleMalt-like,Scotland,Malt
GlenDronach Cask Strength (batch 2),9.05,$$$$,SingleMalt-like,Scotland,Malt
Aberlour A'Bunadh (Batch 53),9.04,$$$$,SingleMalt-like,Scotland,Malt
BenRiach 18yo Albariza Pedro Ximenez Peated,9.04,$$$$$,SingleMalt-like,Scotland,Malt
Bowmore Springtide,9.04,$$$$$,SingleMalt-like,Scotland,Malt
GlenDronach Cask Strength (batch 1),9.04,$$$$,SingleMalt-like,Scotland,Malt
Highland Park 18yo,9.04,$$$$$,SingleMalt-like,Scotland,Malt
Aberlour A'Bunadh (Batch 58),9.03,$$$$,SingleMalt-like,Scotland,Malt
Benromach 10yo Cask Strength (100 proof),9.03,$$$$,SingleMalt-like,Scotland,Malt
Aberlour A'Bunadh (Batch 39),9.02,$$$$,SingleMalt-like,Scotland,Malt
Karuizawa 1990 Sherry Butt,9.02,$$$$$+,SingleMalt-like,Japan,Malt
Kavalan Solist Manzanilla Cask,9.02,$$$$$+,SingleMalt-like,Taiwan,Malt
Kilchoman Port Cask Matured,9.02,$$$$$,SingleMalt-like,Scotland,Malt
GlenDronach vintage 20yo Single Cask (all vintages),9,$$$$$,SingleMalt-like,Scotland,Malt
Kavalan Solist Vinho Barrique,9,$$$$$,SingleMalt-like,Taiwan,Malt
Aberlour A'Bunadh (Batch 35),8.99,$$$$,SingleMalt-like,Scotland,Malt
Bladnoch 12yo Sherry Cask (Sheep label),8.99,$$$$$,SingleMalt-like,Scotland,Malt
Highland Park 15yo Loki,8.99,$$$$$+,SingleMalt-like,Scotland,Malt
Springbank 21yo,8.99,$$$$$+,SingleMalt-like,Scotland,Malt
Aberlour A'Bunadh (Batch 45),8.98,$$$$,SingleMalt-like,Scotland,Malt
Arran Malt 21st Anniversary Edition,8.98,$$$$$,SingleMalt-like,Scotland,Malt
Bunnahabhain 18yo,8.98,$$$$$,SingleMalt-like,Scotland,Malt
Kavalan Solist Amontillado Cask,8.98,$$$$$+,SingleMalt-like,Taiwan,Malt
Nikka Taketsuru 21yo,8.98,$$$$$,SingleMalt-like,Japan,Malt
Aberlour A'Bunadh (Batch 36),8.97,$$$$,SingleMalt-like,Scotland,Malt
Amrut Portonova,8.97,$$$$,SingleMalt-like,India,Malt
Glenmorangie Signet,8.97,$$$$$,SingleMalt-like,Scotland,Malt
Amrut PX Sherry Single Cask 2696 (LCBO),8.96,$$$$$,SingleMalt-like,India,Malt
BenRiach 17yo Solstice Peated Port (both editions),8.96,$$$$,SingleMalt-like,Scotland,Malt
Bushmills 21yo Single Malt,8.95,$$$$$,SingleMalt-like,Ireland,Malt
GlenDronach vintage 19yo Single Cask (all vintages),8.95,$$$$$,SingleMalt-like,Scotland,Malt
Glenlivet Alpha,8.95,$$$$$+,SingleMalt-like,Scotland,Malt
Hakushu Sherry Cask,8.95,$$$$$+,SingleMalt-like,Japan,Malt
Aberlour A'Bunadh (Batch 30),8.94,$$$$,SingleMalt-like,Scotland,Malt
Aberlour A'Bunadh (Batch 54),8.94,$$$$,SingleMalt-like,Scotland,Malt
GlenDronach Cask Strength (batch 3),8.94,$$$$,SingleMalt-like,Scotland,Malt
Kavalan Solist Fino Sherry Cask,8.94,$$$$$+,SingleMalt-like,Taiwan,Malt
Tomatin 40yo,8.94,$$$$$+,SingleMalt-like,Scotland,Malt
Aberlour A'Bunadh (all batches),8.93,$$$$,SingleMalt-like,Scotland,Malt
Aberlour A'Bunadh (Batch 47),8.93,$$$$,SingleMalt-like,Scotland,Malt
BenRiach 17yo Solstice 2nd Peated Port Finish,8.93,$$$$,SingleMalt-like,Scotland,Malt
Macallan Cask Strength,8.93,$$$$$+,SingleMalt-like,Scotland,Malt
Balvenie TUN 1509 (all 3 batches),8.92,$$$$$+,SingleMalt-like,Scotland,Malt
BenRiach 35yo,8.92,$$$$$+,SingleMalt-like,Scotland,Malt
Kavalan Solist Port Cask,8.92,$$$$$,SingleMalt-like,Scotland,Malt
Aberlour A'Bunadh (Batch 46),8.91,$$$$,SingleMalt-like,Scotland,Malt
BenRiach 17yo Solstice 1st Peated Port Finish,8.91,$$$$,SingleMalt-like,Scotland,Malt
Bowmore 15yo Laimrig,8.91,$$$$,SingleMalt-like,Scotland,Malt
GlenDronach Cask Strength (batch 4),8.91,$$$$,SingleMalt-like,Scotland,Malt
Glengoyne 40yo,8.91,$$$$$+,SingleMalt-like,Scotland,Malt
Aberlour A'Bunadh (Batch 42),8.9,$$$$,SingleMalt-like,Scotland,Malt
GlenDronach Cask Strength (all batches),8.9,$$$$,SingleMalt-like,Scotland,Malt
Glenlivet XXV 25yo,8.9,$$$$$+,SingleMalt-like,Scotland,Malt
Highland Park 21yo,8.9,$$$$$+,SingleMalt-like,Scotland,Malt
Laphroaig Cairdeas 2013 Port Wood,8.89,$$$$,SingleMalt-like,Scotland,Malt
Macallan 18yo Sherry Oak,8.89,$$$$$+,SingleMalt-like,Scotland,Malt
Amrut PX Sherry Single Cask 3516 (SAQ),8.88,$$$$,SingleMalt-like,India,Malt
Glengoyne 21yo,8.88,$$$$$,SingleMalt-like,Scotland,Malt
Highland Park 16yo Thor,8.88,$$$$$+,SingleMalt-like,Scotland,Malt
Kilchoman PX Sherry Finish,8.88,$$$$$,SingleMalt-like,Scotland,Malt
White Oak Akashi 14yo,8.88,$$$$$+,SingleMalt-like,Japan,Malt
Amrut Intermediate Sherry,8.87,$$$$,SingleMalt-like,India,Malt
Bunnahabhain 25yo,8.87,$$$$$+,SingleMalt-like,Scotland,Malt
GlenDronach 15yo Revival,8.87,$$$$,SingleMalt-like,Scotland,Malt
GlenDronach Cask Strength (batch 7),8.87,$$$$,SingleMalt-like,Scotland,Malt
Kilchoman Loch Gorm,8.87,$$$$,SingleMalt-like,Scotland,Malt
Macallan 10yo Sherry Oak Cask Strength,8.87,$$$$$+,SingleMalt-like,Scotland,Malt
Springbank 12yo Cask Strength,8.87,$$$$,SingleMalt-like,Scotland,Malt
Aberlour A'Bunadh (Batch 34),8.86,$$$$,SingleMalt-like,Scotland,Malt
Box (High Coast) PX - Pedro Ximénez Finish,8.86,$$$$$,SingleMalt-like,Sweden,Malt
Glen Garioch 1998 Wine Cask Matured,8.86,$$$$,SingleMalt-like,Scotland,Malt
Scallywag 13yo,8.86,$$$$,SingleMalt-like,Scotland,Malt
AnCnoc 1975,8.85,$$$$$+,SingleMalt-like,Scotland,Malt
Glenlivet Nadurra 16yo,8.85,$$$$,SingleMalt-like,Scotland,Malt
Smogen Sherry Project 1:2,8.85,$$$$,SingleMalt-like,Sweden,Malt
Amrut Kadhambam,8.84,$$$$,SingleMalt-like,India,Malt
BenRiach 18yo Latada,8.84,$$$$$,SingleMalt-like,Scotland,Malt
GlenDronach 12yo Sauternes Cask Finish,8.84,$$$$,SingleMalt-like,Scotland,Malt
GlenDronach Cask Strength (batch 6),8.84,$$$$,SingleMalt-like,Scotland,Malt
Deanston 2008 Bordeaux Red Wine Cask Matured,8.83,$$$$,SingleMalt-like,Scotland,Malt
Longmorn 15yo,8.83,$$$$$,SingleMalt-like,Scotland,Malt
Longrow Red 12yo Pinot Noir Finish,8.83,$$$$$,SingleMalt-like,Scotland,Malt
Macallan 25yo Sherry Oak,8.83,$$$$$+,SingleMalt-like,Scotland,Malt
Aberlour A'Bunadh (Batch 32),8.82,$$$$,SingleMalt-like,Scotland,Malt
Compass Box This is Not a Luxury Whisky,8.82,$$$$$,SingleMalt-like,Scotland,Malt
Glenmorangie Companta,8.82,$$$$$,SingleMalt-like,Scotland,Malt
Smogen Sherry Project 1:4,8.82,$$$$,SingleMalt-like,Sweden,Malt
Aberlour 12yo Non-Chill-Filtered,8.81,$$$,SingleMalt-like,Scotland,Malt
Bunnahabhain 14yo 2003 Pedro Ximenez Finish,8.81,$$$$$,SingleMalt-like,Scotland,Malt
Glenlivet Nadurra Cask Strength (NAS),8.81,$$$$,SingleMalt-like,Scotland,Malt
Laphroaig PX Triple Matured,8.81,$$$$,SingleMalt-like,Scotland,Malt
Amrut PX Sherry Single Cask (all casks),8.8,$$$$,SingleMalt-like,India,Malt
Balblair 1990 Second Release,8.8,$$$$$,SingleMalt-like,Scotland,Malt
Glengoyne Teapot Dram (all batches),8.8,$$$$$,SingleMalt-like,Scotland,Malt
Millstone 12yo Sherry Cask,8.8,$$$$,SingleMalt-like,Netherlands,Malt
Royal Brackla 21yo,8.8,$$$$$,SingleMalt-like,Scotland,Malt
Arran Malt Amarone Cask Finish,8.79,$$$,SingleMalt-like,Scotland,Malt
Bowmore 25yo,8.79,$$$$$+,SingleMalt-like,Scotland,Malt
GlenDronach Cask Strength (batch 5),8.79,$$$$,SingleMalt-like,Scotland,Malt
Green Spot Chateau Leoville Barton,8.79,$$$$,SingleMalt-like,Ireland,Blend
Highland Park Full Volume,8.79,$$$$,SingleMalt-like,Scotland,Malt
Kavalan Brandy Oak,8.79,$$$$$,SingleMalt-like,Taiwan,Malt
Glen Garioch 15yo Renaissance Chapter 1,8.78,$$$$,SingleMalt-like,Scotland,Malt
Glenmorangie Bacalta,8.78,$$$$$,SingleMalt-like,Scotland,Malt
Aberlour A'Bunadh (Batch 48),8.77,$$$$,SingleMalt-like,Scotland,Malt
Jura Brooklyn,8.77,$$$$,SingleMalt-like,Scotland,Malt
Longrow Red 11yo Australian Shiraz,8.77,$$$$$,SingleMalt-like,Scotland,Malt
AnCnoc 22yo,8.76,$$$$$,SingleMalt-like,Scotland,Malt
Bowmore 10yo Devil's Cask (all batches),8.76,$$$$$,SingleMalt-like,Scotland,Malt
GlenDronach 18yo Tawny Port Finish,8.76,$$$$$,SingleMalt-like,Scotland,Malt
Glenfiddich Snow Phoenix,8.76,$$$$$+,SingleMalt-like,Scotland,Malt
Longrow Red 11yo Port Cask,8.76,$$$$,SingleMalt-like,Scotland,Malt
Smogen Sherry Project 1:3,8.76,$$$$,SingleMalt-like,Sweden,Malt
Arran Malt Sassicaia Wine Cask Finish,8.75,$$$$$,SingleMalt-like,Scotland,Malt
Balvenie 21yo Port Wood,8.75,$$$$$,SingleMalt-like,Scotland,Malt
Glenfarclas 25yo,8.75,$$$$$,SingleMalt-like,Scotland,Malt
Macallan Rare Cask,8.75,$$$$$+,SingleMalt-like,Scotland,Malt
Macallan Reflexion,8.75,$$$$$+,SingleMalt-like,Scotland,Malt
Macallan Ruby,8.75,$$$$$,SingleMalt-like,Scotland,Malt
Aberlour 18yo,8.74,$$$$,SingleMalt-like,Scotland,Malt
Glenfarclas 17yo,8.74,$$$$$,SingleMalt-like,Scotland,Malt
Glenmorangie Nectar d'Or,8.74,$$$$,SingleMalt-like,Scotland,Malt
Longmorn 16yo,8.74,$$$$,SingleMalt-like,Scotland,Malt
Macallan Classic Cut,8.74,$$$$$,SingleMalt-like,Scotland,Malt
Redbreast Lustau Edition,8.74,$$$$,SingleMalt-like,Ireland,Malt
Scallywag Cask Strength (all batches),8.74,$$$$,SingleMalt-like,Scotland,Malt
Aberlour A'Bunadh (Batch 50),8.73,$$$$,SingleMalt-like,Scotland,Malt
Aberlour A'Bunadh (Batch 59),8.73,$$$$,SingleMalt-like,Scotland,Malt
GlenDronach 21yo Parliament,8.73,$$$$$,SingleMalt-like,Scotland,Malt
Glengoyne Cask Strength (batch 1),8.73,$$$$,SingleMalt-like,Scotland,Malt
Highland Park 15yo Fire,8.73,$$$$$+,SingleMalt-like,Scotland,Malt
Springbank 13yo Green,8.73,$$$$,SingleMalt-like,Scotland,Malt
Springbank 15yo,8.73,$$$$$,SingleMalt-like,Scotland,Malt
Aberlour A'Bunadh (Batch 61),8.72,$$$$,SingleMalt-like,Scotland,Malt
GlenDronach 18yo Allardice,8.72,$$$$$,SingleMalt-like,Scotland,Malt
Glenrothes Minister's Reserve,8.72,$$$$$,SingleMalt-like,Scotland,Malt
Ohishi Sherry Single Cask,8.72,$$$$,SingleMalt-like,Scotland,Malt
Teerenpeli Distiller’s Choice KARHI,8.72,$$$$,SingleMalt-like,Finland,Malt
Deanston 10yo PX Finish,8.71,$$$$,SingleMalt-like,Scotland,Malt
Glenfarclas 105,8.71,$$$$,SingleMalt-like,Scotland,Malt
Benromach 15yo,8.7,$$$$,SingleMalt-like,Scotland,Malt
Sheep Dip 1999 Amoroso Blended Malt,8.7,$$$,SingleMalt-like,Scotland,Malt
Smogen Sherry Project 1:1,8.7,$$$$,SingleMalt-like,Sweden,Malt
Tomatin 18yo,8.7,$$$$,SingleMalt-like,Scotland,Malt
Aberlour Casg Annamh,8.69,$$$$,SingleMalt-like,Scotland,Malt
Glen Garioch 15yo Wine Cask Matured,8.69,$$$$,SingleMalt-like,Scotland,Malt
Highland Park 15yo,8.69,$$$$,SingleMalt-like,Scotland,Malt
Macallan Sienna,8.69,$$$$$,SingleMalt-like,Scotland,Malt
Tomatin Cu Bocan 2005 Limited Edition,8.69,$$$$$,SingleMalt-like,Scotland,Malt
Aberlour 16yo Double Cask Matured,8.68,$$$$,SingleMalt-like,Scotland,Malt
Kilchoman Madeira Cask Matured,8.68,$$$$$,SingleMalt-like,Scotland,Malt
Knappogue Castle 16yo Twin Wood,8.68,$$$$,SingleMalt-like,Ireland,Malt
Mortlach 15yo (Gordon & MacPhail),8.68,$$$$,SingleMalt-like,Scotland,Malt
Aberlour A'Bunadh (Batch 38),8.67,$$$$,SingleMalt-like,Scotland,Malt
Amrut Bengal Tiger PX Single Cask (Canada),8.67,$$$$,SingleMalt-like,India,Malt
Arran Malt Madeira Wine Cask,8.67,$$$$,SingleMalt-like,Scotland,Malt
Glencadam 14yo Oloroso Sherry Cask Finish,8.67,$$$$,SingleMalt-like,Scotland,Malt
GlenDronach 18yo Marsala Finish,8.67,$$$$$,SingleMalt-like,Scotland,Malt
Glengoyne Cask Strength (batch 2),8.67,$$$$,SingleMalt-like,Scotland,Malt
Glengoyne Cask Strength (batch 4),8.67,$$$$,SingleMalt-like,Scotland,Malt
Glenmorangie The Taghta,8.67,$$$$$,SingleMalt-like,Scotland,Malt
Karuizawa Asama Vintages 1999-2000,8.67,$$$$$+,SingleMalt-like,Japan,Malt
Mortlach 16yo (F&F),8.67,$$$$$,SingleMalt-like,Scotland,Malt
Tamdhu Batch Strength (both batches),8.67,$$$$,SingleMalt-like,Scotland,Malt
BenRiach 12yo Matured in Sherry Wood,8.66,$$$,SingleMalt-like,Scotland,Malt
Sullivans Cove French Oak,8.66,$$$$$+,SingleMalt-like,Tasmania,Malt
BenRiach 21yo Tawny Port Finish,8.65,$$$$$,SingleMalt-like,Scotland,Malt
Oban Distillers Edition (all vintages),8.65,$$$$,SingleMalt-like,Scotland,Malt
Redbreast Mano a Lámh,8.65,$$$,SingleMalt-like,Ireland,Malt
Balvenie 17yo Doublewood,8.64,$$$$$,SingleMalt-like,Scotland,Malt
Glengoyne Cask Strength (all batches),8.64,$$$$,SingleMalt-like,Scotland,Malt
Ledaig 18yo,8.64,$$$$$,SingleMalt-like,Scotland,Malt
Swiss Highland Classic Single Malt,8.64,$$$$$,SingleMalt-like,Switzerland,Malt
Longrow Red 14yo Burgundy Wood,8.63,$$$$$,SingleMalt-like,Scotland,Malt
Glenfarclas 21yo,8.62,$$$$$,SingleMalt-like,Scotland,Malt
Glenfiddich 21yo Gran Reserva,8.62,$$$$$,SingleMalt-like,Scotland,Malt
Highland Park Magnus (2017),8.62,$$$,SingleMalt-like,Scotland,Malt
Highland Park Valknut,8.62,$$$$,SingleMalt-like,Scotland,Malt
Macallan 25yo Fine Oak,8.62,$$$$$+,SingleMalt-like,Scotland,Malt
Aberlour A'Bunadh (Batch 57),8.61,$$$$,SingleMalt-like,Scotland,Malt
AnCnoc 2000,8.61,$$$$,SingleMalt-like,Scotland,Malt
Arran Malt Port Cask Finish,8.61,$$$,SingleMalt-like,Scotland,Malt
Bowmore 15yo Darkest,8.61,$$$$,SingleMalt-like,Scotland,Malt
Bunnahabhain Moine (all bottlings),8.61,$$$,SingleMalt-like,Scotland,Malt
Glenfarclas 15yo,8.61,$$$$,SingleMalt-like,Scotland,Malt
Highland Park Valkyrie,8.61,$$$$,SingleMalt-like,Scotland,Malt
Tomatin 14yo Portwood,8.61,$$$$,SingleMalt-like,Scotland,Malt
Ardbeg Galileo,8.6,$$$$$+,SingleMalt-like,Scotland,Malt
Hazelburn 12yo (Springbank),8.6,$$$$,SingleMalt-like,Scotland,Malt
GlenDronach 15yo Tawny Port Finish,8.59,$$$$,SingleMalt-like,Scotland,Malt
Glenfiddich 15yo Solera,8.59,$$$$,SingleMalt-like,Scotland,Malt
GlenDronach 12yo Original,8.58,$$$,SingleMalt-like,Scotland,Malt
Kilchoman Sherry Single Cask,8.58,$$$$$,SingleMalt-like,Scotland,Malt
Macallan 12yo Sherry Oak,8.58,$$$$,SingleMalt-like,Scotland,Malt
Spirit of Hven Sankt Claus,8.58,$$$$$,SingleMalt-like,Sweden,Malt
Tobermory 15yo,8.58,$$$$$,SingleMalt-like,Scotland,Malt
Balblair 1989,8.57,$$$$$,SingleMalt-like,Scotland,Malt
Balvenie 16yo Triple Cask,8.57,$$$$,SingleMalt-like,Scotland,Malt
Glenfarclas 12yo,8.57,$$$,SingleMalt-like,Scotland,Malt
Glengoyne 18yo,8.57,$$$$$,SingleMalt-like,Scotland,Malt
Glenmorangie Quinta Ruban,8.57,$$$,SingleMalt-like,Scotland,Malt
Santis Alpstein (all editions),8.57,$$$$$,SingleMalt-like,Switzerland,Malt
Aberfeldy 18yo,8.56,$$$$,SingleMalt-like,Scotland,Malt
Bowmore 12yo Enigma,8.56,$$,SingleMalt-like,Scotland,Malt
Glengoyne 12yo Cask Strength,8.56,$$$$,SingleMalt-like,Scotland,Malt
Tomatin Oloroso Sherry 1995,8.56,$$$$$,SingleMalt-like,Scotland,Malt
Westland Winter 2016,8.56,$$$$,SingleMalt-like,USA,Malt
Glenmorangie A Midwinter Night’s Dram,8.55,$$$$$,SingleMalt-like,Scotland,Malt
Macallan 30yo Fine Oak,8.55,$$$$$+,SingleMalt-like,Scotland,Malt
Dalmore 18yo,8.54,$$$$$,SingleMalt-like,Scotland,Malt
Dalwhinnie Distillers Edition,8.54,$$$$,SingleMalt-like,Scotland,Malt
"Glenfarclas 1968-2000 54.2% (OB, Old Stock Reserve, Ceramic)",8.54,$$$$$+,SingleMalt-like,Scotland,Malt
Teerenpeli Distiller’s Choice AURA,8.54,$$$$$,SingleMalt-like,Finland,Malt
Amrut Naarangi,8.53,$$$$$,SingleMalt-like,India,Malt
Arran Malt Sherry Single Cask,8.53,$$$$,SingleMalt-like,Scotland,Malt
Glengoyne 12yo,8.53,$$$,SingleMalt-like,Scotland,Malt
Glenmorangie Duthac,8.53,$$$$,SingleMalt-like,Scotland,Malt
Macallan Whisky Maker's Edition,8.53,$$$$,SingleMalt-like,Scotland,Malt
Talisker Port Ruighe,8.53,$$$$,SingleMalt-like,Scotland,Malt
Mackmyra Midvinter,8.52,$$$,SingleMalt-like,Sweden,Malt
Penderyn Portwood,8.52,$$$,SingleMalt-like,Wales,Malt
Redbreast All Sherry Single Cask 1999,8.52,$$$$$,SingleMalt-like,Ireland,Malt
Tyrconnell 10yo Port Cask Finish,8.52,$$$$,SingleMalt-like,Ireland,Malt
Amrut PX Sherry Single Cask 2701,8.51,$$$$,SingleMalt-like,India,Malt
Glenfiddich 19yo Age of Discovery (Madeira Cask),8.51,$$$$$,SingleMalt-like,Scotland,Malt
Glenmorangie The Tayne,8.51,$$$$,SingleMalt-like,Scotland,Malt
Glengoyne 15yo,8.5,$$$$,SingleMalt-like,Scotland,Malt
Jura 18yo,8.5,$$$$$,SingleMalt-like,Scotland,Malt
Kavalan Sherry Oak,8.49,$$$$$,SingleMalt-like,Taiwan,Malt
Glen Garioch 1999 Sherry Cask Matured,8.48,$$$$,SingleMalt-like,Scotland,Malt
Glen Moray Classic Sherry Cask finish,8.48,$$,SingleMalt-like,Scotland,Malt
Glenmorangie Dornoch,8.48,$$$$,SingleMalt-like,Scotland,Malt
Jura 16yo Diurach's Own,8.48,$$$$,SingleMalt-like,Scotland,Malt
Smogen Primör,8.48,$$$$$,SingleMalt-like,Sweden,Malt
Aberfeldy 16yo,8.47,$$$$,SingleMalt-like,Scotland,Malt
Bushmills 16yo Single Malt,8.47,$$$$,SingleMalt-like,Ireland,Malt
Glengoyne Cask Strength (batch 3),8.47,$$$$,SingleMalt-like,Scotland,Malt
Glenglassaugh 26yo,8.46,$$$$$+,SingleMalt-like,Scotland,Malt
Green Spot Chateau Montelena,8.46,$$$$,SingleMalt-like,Ireland,Blend
Ledaig 1996,8.46,$$$$$,SingleMalt-like,Scotland,Malt
Glenmorangie Milsean,8.45,$$$$$,SingleMalt-like,Scotland,Malt
Highland Park Dark Origins,8.45,$$$$,SingleMalt-like,Scotland,Malt
BenRiach 15yo Tawny Port Finish,8.44,$$$$,SingleMalt-like,Scotland,Malt
Blair Athol 12yo (F&F),8.44,$$$,SingleMalt-like,Scotland,Malt
Longrow Red 11yo Cabernet Sauvignon,8.44,$$$$$,SingleMalt-like,Scotland,Malt
Glenlivet Nadurra Oloroso,8.43,$$$$,SingleMalt-like,Scotland,Malt
Highland Park 12yo Saint Magnus,8.43,$$$$,SingleMalt-like,Scotland,Malt
Glentauchers 1991 18yo (Gordon & MacPhail),8.42,$$$$,SingleMalt-like,Scotland,Malt
Macallan 10yo Sherry Oak,8.42,$$$,SingleMalt-like,Scotland,Malt
Tyrconnell 10yo Sherry Cask Finish,8.42,$$$$,SingleMalt-like,Ireland,Malt
Balvenie 12yo Doublewood,8.41,$$$$,SingleMalt-like,Scotland,Malt
Dalmore Cigar Malt,8.41,$$$,SingleMalt-like,Scotland,Malt
Glenmorangie Lasanta,8.41,$$$,SingleMalt-like,Scotland,Malt
Lismore 21yo,8.4,$$$$$,SingleMalt-like,Scotland,Malt
Wemyss Malts The Spice King,8.4,$$$,SingleMalt-like,Scotland,Malt
Westland Sherry Wood,8.4,$$$$,SingleMalt-like,USA,Malt
Jura 21yo,8.39,$$$$$,SingleMalt-like,Scotland,Malt
Teeling Single Malt,8.38,$$$$,SingleMalt-like,Ireland,Malt
Aberlour 12yo Double Cask Matured,8.37,$$$,SingleMalt-like,Scotland,Malt
Bushmills Black Bush,8.37,$$,SingleMalt-like,Ireland,Blend
Writers Tears Red Head Single Malt,8.37,$$$,SingleMalt-like,Irish,Malt
Glen Moray Classic Port Cask finish,8.36,$$,SingleMalt-like,Scotland,Malt
GlenDronach 14yo Sauternes Cask Finish,8.36,$$$$,SingleMalt-like,Scotland,Malt
Bruichladdich Rocks,8.35,$$$$,SingleMalt-like,Scotland,Malt
Bushmills Sherry Cask Reserve,8.35,$$$$,SingleMalt-like,Ireland,Malt
Singleton of Glen Ord 18yo,8.35,$$$$,SingleMalt-like,Scotland,Malt
Arran Malt Sherry Cask Finish,8.34,$$$$$,SingleMalt-like,Scotland,Malt
Glen Garioch 16yo Renaissance Chapter 2,8.34,$$$$,SingleMalt-like,Scotland,Malt
Arran Malt Pomerol Bordeaux Cask Finish,8.33,$$$$,SingleMalt-like,Scotland,Malt
Glencadam 12yo Port Wood Finish,8.33,$$$,SingleMalt-like,Scotland,Malt
Tomatin Cu Bocan Sherry Edition,8.33,$$$$,SingleMalt-like,Scotland,Malt
Bladnoch Samsara,8.32,$$$$,SingleMalt-like,Scotland,Malt
Glenfarclas 10yo,8.32,$$$,SingleMalt-like,Scotland,Malt
Balvenie 12yo Triple Cask,8.31,$$$$,SingleMalt-like,Scotland,Malt
Benrinnes 15yo F&F,8.31,$$$$,SingleMalt-like,Scotland,Malt
Jura 12yo Elixir,8.31,$$$,SingleMalt-like,Scotland,Malt
Dalmore 15yo,8.3,$$$$,SingleMalt-like,Scotland,Malt
Ohishi Sherry Cask,8.3,$$$$,SingleMalt-like,Scotland,Malt
Dalmore Cigar Malt Reserve,8.29,$$$$$,SingleMalt-like,Scotland,Malt
Glenfiddich Malt Master's Edition,8.29,$$$$,SingleMalt-like,Scotland,Malt
Bladnoch 15yo Adela,8.27,$$$$$,SingleMalt-like,Scotland,Malt
Jura 21yo 200th Anniversary,8.27,$$$$$,SingleMalt-like,Scotland,Malt
Kavalan Concertmaster Port Cask,8.27,$$$$,SingleMalt-like,Taiwan,Malt
Auchentoshan Three Wood,8.26,$$$$,SingleMalt-like,Scotland,Malt
Glen Moray 16yo,8.25,$$$,SingleMalt-like,Scotland,Malt
Bowmore Black Rock,8.24,$$,SingleMalt-like,Scotland,Malt
Dalmore King Alexander III,8.24,$$$$$,SingleMalt-like,Scotland,Malt
Wemyss Malts Velvet Fig,8.24,$$$,SingleMalt-like,Scotland,Malt
Aberlour 10yo,8.23,$$,SingleMalt-like,Scotland,Malt
Glenfiddich Reserve Cask,8.23,$$$,SingleMalt-like,Scotland,Malt
Mackmyra Skordetid,8.22,$$$$$,SingleMalt-like,Sweden,Malt
Glenrothes Robur Reserve,8.21,$$,SingleMalt-like,Scotland,Malt
Jura Seven Wood,8.21,$$$$,SingleMalt-like,Scotland,Malt
Macallan Select Oak,8.21,$$$,SingleMalt-like,Scotland,Malt
Tullibardine 500 Sherry Finish,8.2,$$$,SingleMalt-like,Scotland,Malt
Glenglassaugh Revival,8.18,$$$,SingleMalt-like,Scotland,Malt
Ben Nevis 10yo,8.16,$$$,SingleMalt-like,Scotland,Malt
Singleton of Dufftown Tailfire,8.16,$$,SingleMalt-like,Scotland,Malt
Mackmyra Blomstertid,8.13,$$$$,SingleMalt-like,Sweden,Malt
Glenrothes Sherry Cask Reserve,8.09,$$$$,SingleMalt-like,Scotland,Malt
Dalmore Gran Reserva,8.08,$$$,SingleMalt-like,Scotland,Malt
Laphroaig Select,8.04,$$$,SingleMalt-like,Scotland,Malt
Longmorn Distiller's Choice,8.04,$$$$,SingleMalt-like,Scotland,Malt
Jura 16yo,7.97,$$$$,SingleMalt-like,Scotland,Malt
Royal Lochnagar 12yo,7.97,$$,SingleMalt-like,Scotland,Malt
Tullibardine 1993 Port,7.97,$$$$,SingleMalt-like,Scotland,Malt
Lohin McKinnon Wine Barrel Finished (Black Sage),7.94,$$$,SingleMalt-like,Canada,Malt
Amrut PX Sherry Single Cask 2702,7.91,$$$$,SingleMalt-like,India,Malt
Penderyn Madeira,7.91,$$$$,SingleMalt-like,Wales,Malt
Jura Turas Mara,7.9,$$,SingleMalt-like,Scotland,Malt
Penderyn Sherrywood,7.8,$$$$,SingleMalt-like,Wales,Malt
Singleton of Dufftown Spey Cascade,7.48,$$,SingleMalt-like,Scotland,Malt
Ichiro's Malt The Joker,9.22,$$$$$+,SingleMalt-like,Japan,Malt
Hibiki 21yo,9.13,$$$$$+,SingleMalt-like,Japan,Blend
Bunnahabhain 40yo,9.12,$$$$$+,SingleMalt-like,Scotland,Malt
Bruichladdich Black Art 3.x 1989,9.09,$$$$$+,SingleMalt-like,Scotland,Malt
Midleton Dair Ghaelach,9.09,$$$$$,SingleMalt-like,Ireland,Blend
Glencadam 25yo,9.07,$$$$$+,SingleMalt-like,Scotland,Malt
Compass Box Phenomenology,9.06,$$$$$,SingleMalt-like,Scotland,Malt
GlenDronach 19yo Madeira Finish,9.04,$$$$$,SingleMalt-like,Scotland,Malt
Redbreast 12yo Cask Strength,9.04,$$$$,SingleMalt-like,Ireland,Malt
Glenfiddich 30yo,9.03,$$$$$+,SingleMalt-like,Scotland,Malt
Cragganmore 25yo,9.02,$$$$$+,SingleMalt-like,Scotland,Malt
Bruichladdich Black Art 2.x 1989,9.01,$$$$$+,SingleMalt-like,Scotland,Malt
Mackmyra Reserve Single Cask (various casks),9,$$$$$,SingleMalt-like,Sweden,Malt
Amrut Double Cask,8.99,$$$$,SingleMalt-like,India,Malt
Amrut Virgin Oak Single Cask,8.96,$$$$,SingleMalt-like,India,Malt
Compass Box 3yo Deluxe,8.96,$$$$$+,SingleMalt-like,Scotland,Malt
Craigellachie 23yo,8.96,$$$$$+,SingleMalt-like,Scotland,Malt
Glenfiddich Winter Storm 21yo Experimental Series No. 3,8.95,$$$$$+,SingleMalt-like,Scotland,Malt
Macallan Edition No. 4,8.94,$$$$$,SingleMalt-like,Scotland,Malt
Yamazaki Mizunara,8.94,$$$$$+,SingleMalt-like,Japan,Malt
Aultmore 25yo,8.93,$$$$$+,SingleMalt-like,Scotland,Malt
Arran Malt 18yo,8.92,$$$$$,SingleMalt-like,Scotland,Malt
Kavalan ex-Bourbon Oak,8.92,$$$$,SingleMalt-like,Taiwan,Malt
Tomatin Decades,8.92,$$$$$,SingleMalt-like,Scotland,Malt
Macallan Edition No. 2,8.91,$$$$$,SingleMalt-like,Scotland,Malt
Bruichladdich Black Art 5.x 1992,8.9,$$$$$+,SingleMalt-like,Scotland,Malt
Glenlivet Nadurra First Fill (White Oak),8.9,$$$$,SingleMalt-like,Scotland,Malt
Old Pulteney 25yo,8.9,$$$$$,SingleMalt-like,Scotland,Malt
Yamazaki Limited Edition 2016,8.9,$$$$$+,SingleMalt-like,Japan,Malt
Amrut Herald,8.89,$$$$,SingleMalt-like,India,Malt
Amrut Fusion,8.88,$$$$,SingleMalt-like,India,Malt
Caol Ila 18yo Unpeated 2017,8.88,$$$$$,SingleMalt-like,Scotland,Malt
Glen Grant 25yo,8.88,$$$$$,SingleMalt-like,Scotland,Malt
Glenmorangie Ealanta,8.88,$$$$$+,SingleMalt-like,Scotland,Malt
Glenmorangie Astar,8.86,$$$$$,SingleMalt-like,Scotland,Malt
Arran Malt Bourbon Single Cask,8.85,$$$$,SingleMalt-like,Scotland,Malt
Box (High Coast) The 2nd Step Collection 02,8.85,$$$$$,SingleMalt-like,Sweden,Malt
Kavalan Solist Ex-Bourbon,8.85,$$$$$,SingleMalt-like,Taiwan,Malt
Kininvie 17yo (all batches),8.85,$$$$$+,SingleMalt-like,Scotland,Malt
Macallan Edition No. 3,8.85,$$$$$,SingleMalt-like,Scotland,Malt
Arran Malt 17yo,8.84,$$$$,SingleMalt-like,Scotland,Malt
Arran Malt The Devil’s Punch Bowl (all chapters),8.84,$$$$$,SingleMalt-like,Scotland,Malt
Mackmyra Moment Glöd,8.83,$$$$$,SingleMalt-like,Sweden,Malt
Glenlivet 21yo Archive (all batches),8.82,$$$$$,SingleMalt-like,Scotland,Malt
Nikka From the Barrel,8.82,$$$,SingleMalt-like,Japan,Blend
Compass Box Spice Tree Extravaganza,8.81,$$$$$,SingleMalt-like,Scotland,Malt
Auchentoshan 21yo,8.8,$$$$$,SingleMalt-like,Scotland,Malt
Compass Box Spice Tree,8.8,$$$$,SingleMalt-like,Scotland,Malt
Mackmyra Moment Urberg,8.8,$$$$$,SingleMalt-like,Sweden,Malt
Midleton Very Rare (all vintages),8.8,$$$$$,SingleMalt-like,Ireland,Blend
Paul John Single Cask,8.8,$$$$,SingleMalt-like,India,Malt
Amrut Two Continents,8.79,$$$$,SingleMalt-like,India,Malt
BenRiach 25yo,8.79,$$$$$+,SingleMalt-like,Scotland,Malt
Bruichladdich 21yo Cuvée 640 Eroica,8.79,$$$$$,SingleMalt-like,Scotland,Malt
Clynelish 14yo,8.79,$$$$,SingleMalt-like,Scotland,Malt
Glenfiddich Project XX Experimental Series No. 2,8.79,$$$$,SingleMalt-like,Scotland,Malt
Macallan Edition No. 1,8.79,$$$$$,SingleMalt-like,Scotland,Malt
Aberfeldy 21yo,8.78,$$$$$,SingleMalt-like,Scotland,Malt
Cragganmore NAS (Special Release 2016),8.78,$$$$$,SingleMalt-like,Scotland,Malt
Glen Grant Five Decades,8.78,$$$$$,SingleMalt-like,Scotland,Malt
Midleton Very Rare 2016,8.78,$$$$$,SingleMalt-like,Ireland,Blend
Nikka Taketsuru 17yo,8.78,$$$$$,SingleMalt-like,Japan,Malt
Strathmill 25yo,8.78,$$$$$+,SingleMalt-like,Scotland,Malt
Arran Malt Tokaji Aszu Wine Finish,8.77,$$$$,SingleMalt-like,Scotland,Malt
Mortlach Special Strength,8.77,$$$$$,SingleMalt-like,Scotland,Malt
Old Pulteney 17yo,8.77,$$$$$,SingleMalt-like,Scotland,Malt
Hibiki 17yo,8.76,$$$$$,SingleMalt-like,Japan,Blend
Hakushu 18yo,8.75,$$$$$,SingleMalt-like,Japan,Malt
Mackmyra Moment Rimfrost,8.75,$$$$$,SingleMalt-like,Sweden,Malt
Glenfiddich Cask of Dreams,8.74,$$$$$,SingleMalt-like,Scotland,Malt
Mackmyra Special 04,8.74,$$$$,SingleMalt-like,Sweden,Malt
Nikka Coffey Malt,8.74,$$$$,SingleMalt-like,Japan,Malt
Amrut Bourbon Single Cask,8.73,$$$$,SingleMalt-like,India,Malt
Redbreast 12yo,8.73,$$$,SingleMalt-like,Ireland,Malt
Redbreast 15yo,8.73,$$$$,SingleMalt-like,Ireland,Malt
Arran Malt Napoleon Cognac Finish,8.72,$$$$,SingleMalt-like,Scotland,Malt
Glenfiddich 19yo Age of Discovery (Bourbon Cask),8.72,$$$$$,SingleMalt-like,Scotland,Malt
Box (High Coast) The Festival 2016,8.7,$$$$$,SingleMalt-like,Sweden,Malt
Bruichladdich 21yo Cuvée 382 La Berenice,8.7,$$$$$,SingleMalt-like,Scotland,Malt
Glenmorangie 18yo,8.7,$$$$$,SingleMalt-like,Scotland,Malt
Glenfiddich 15yo Distillery Edition,8.69,$$$$,SingleMalt-like,Scotland,Malt
Mortlach 18yo,8.69,$$$$$+,SingleMalt-like,Scotland,Malt
Mackmyra Special 03,8.68,$$$$$,SingleMalt-like,Sweden,Malt
Storas 21yo Rare Cask Reserves Blended,8.68,$$$,SingleMalt-like,Scotland,Blend
AnCnoc 18yo,8.67,$$$$,SingleMalt-like,Scotland,Malt
Macallan 18yo Fine Oak,8.67,$$$$$,SingleMalt-like,Scotland,Malt
Balvenie 12yo Single Barrel,8.66,$$$$,SingleMalt-like,Scotland,Malt
Balcones Texas Single Malt Whisky,8.65,$$$$,SingleMalt-like,USA,Malt
Balvenie 25yo Single Barrel,8.65,$$$$$+,SingleMalt-like,Scotland,Malt
Bunnahabhain 12yo,8.65,$$$,SingleMalt-like,Scotland,Malt
Glen Garioch 12yo,8.65,$$$$,SingleMalt-like,Scotland,Malt
Westland Single Cask,8.65,$$$$,SingleMalt-like,USA,Malt
Compass Box Oak Cross,8.64,$$$,SingleMalt-like,Scotland,Malt
Ichiro's Malt Double Distilleries,8.64,$$$$$,SingleMalt-like,Japan,Malt
Copperworks American Single Malt,8.63,$$$,SingleMalt-like,USA,Malt
Kilkerran Work in Progress Sherry Wood,8.63,$$$$,SingleMalt-like,Scotland,Malt
Bruichladdich Black Art 4.x 1990,8.62,$$$$$+,SingleMalt-like,Scotland,Malt
Glenrothes Vintage 1995 (all bottlings),8.62,$$$$,SingleMalt-like,Scotland,Malt
Glenlivet Cipher,8.61,$$$$,SingleMalt-like,Scotland,Malt
Mackmyra Special 09,8.61,$$$$,SingleMalt-like,Sweden,Malt
Paul John Classic Select Cask,8.61,$$$$,SingleMalt-like,India,Malt
Caol Ila 17yo Unpeated,8.6,$$$$$,SingleMalt-like,Scotland,Malt
Sullivans Cove American Oak,8.6,$$$$$,SingleMalt-like,Tasmania,Malt
Glenfiddich 18yo,8.58,$$$$$,SingleMalt-like,Scotland,Malt
Glenlivet 18yo,8.58,$$$$$,SingleMalt-like,Scotland,Malt
Craigellachie 17yo,8.56,$$$$$,SingleMalt-like,Scotland,Malt
Deanston 18yo (Bourbon Finish),8.56,$$$$$,SingleMalt-like,Scotland,Malt
Glenfiddich 14yo Rich Oak,8.56,$$$,SingleMalt-like,Scotland,Malt
Royal Brackla 16yo,8.56,$$$$$,SingleMalt-like,Scotland,Malt
Glengoyne 17yo,8.55,$$$$$,SingleMalt-like,Scotland,Malt
Midleton Very Rare 2015,8.55,$$$$$,SingleMalt-like,Ireland,Blend
Teerenpeli Distiller's Choice KASKI,8.55,$$$$,SingleMalt-like,Finland,Malt
Glen Grant 18yo,8.54,$$$$$,SingleMalt-like,Scotland,Malt
Sullivans Cove Port Cask Strength,8.54,$$$$$,SingleMalt-like,Tasmania,Malt
Tyrconnell 10yo Madeira Cask Finish,8.54,$$$$,SingleMalt-like,Ireland,Malt
Mackmyra Moment Jord,8.53,$$$$,SingleMalt-like,Sweden,Malt
Nikka Pure Malt Red,8.53,$$$,SingleMalt-like,Japan,Malt
Sullivans Cove Bourbon Cask Strength,8.53,$$$$,SingleMalt-like,Tasmania,Malt
Teerenpeli Distiller’s Choice RASI,8.53,$$$$,SingleMalt-like,Finland,Malt
Westland American Single Malt,8.53,$$$$,SingleMalt-like,USA,Malt
Arran Malt Sauternes Finish,8.52,$$$,SingleMalt-like,Scotland,Malt
Box (High Coast) The Messenger,8.52,$$$$$,SingleMalt-like,Sweden,Malt
Yamazaki Distiller's Reserve,8.52,$$$$,SingleMalt-like,Japan,Malt
Balvenie 14yo Carribean Cask,8.51,$$$$,SingleMalt-like,Scotland,Malt
Kininvie 23yo (all batches),8.51,$$$$$+,SingleMalt-like,Scotland,Malt
Glen Grant 16yo,8.5,$$$$,SingleMalt-like,Scotland,Malt
Green Spot,8.5,$$$$,SingleMalt-like,Ireland,Malt
Macallan 21yo Fine Oak,8.5,$$$$$+,SingleMalt-like,Scotland,Malt
Paul John Brilliance,8.5,$$$,SingleMalt-like,India,Malt
Mackmyra Special 05,8.48,$$$$,SingleMalt-like,Sweden,Malt
Singleton of Glendullan 15yo,8.48,$$$,SingleMalt-like,Scotland,Malt
Mackmyra Moment Källa,8.47,$$$$$,SingleMalt-like,Sweden,Malt
Mackmyra Moment Solsken,8.47,$$$$$,SingleMalt-like,Sweden,Malt
Glenrothes Vintage Reserve (NAS),8.45,$$$,SingleMalt-like,Scotland,Malt
GlenDronach 8yo The Hielan,8.44,$$$,SingleMalt-like,Scotland,Malt
Macallan 15yo Fine Oak,8.44,$$$$$,SingleMalt-like,Scotland,Malt
Mortlach Rare Old,8.44,$$$$$,SingleMalt-like,Scotland,Malt
Old Pulteney 12yo,8.44,$$$,SingleMalt-like,Scotland,Malt
Benromach Organic,8.43,$$$$,SingleMalt-like,Scotland,Malt
Mackmyra Moment Malström (Maelstrom),8.43,$$$$$,SingleMalt-like,Sweden,Malt
Nikka All Malt,8.43,$$,SingleMalt-like,Japan,Malt
Singleton of Glen Ord 15yo,8.43,$$$$,SingleMalt-like,Scotland,Malt
Bunnahabhain Stiuireadair,8.42,$$$,SingleMalt-like,Scotland,Malt
Dalmore 12yo,8.42,$$$,SingleMalt-like,Scotland,Malt
Deveron 18yo,8.42,$$$$,SingleMalt-like,Scotland,Malt
Glen Elgin 12yo,8.42,$$$$,SingleMalt-like,Scotland,Malt
Glenfiddich IPA Cask Finish Experimental Series No. 1,8.42,$$$,SingleMalt-like,Scotland,Malt
Bunnahabhain Eirigh Na Greine,8.41,$$$$,SingleMalt-like,Scotland,Malt
Bushmills 12yo Single Malt,8.41,$$$$$,SingleMalt-like,Ireland,Malt
Macallan 12yo Double Cask,8.41,$$$$,SingleMalt-like,Scotland,Malt
Mackmyra Special 10,8.41,$$$$,SingleMalt-like,Sweden,Malt
Okanagan Spirits Laird of Fintry (all editions),8.41,$$$,SingleMalt-like,Canada,Malt
Tullibardine 25yo,8.41,$$$$$+,SingleMalt-like,Ireland,Malt
Mackmyra Special 08,8.4,$$$$,SingleMalt-like,Sweden,Malt
Nikka Taketsuru 12yo,8.4,$$$$,SingleMalt-like,Japan,Malt
Teerenpeli 8yo,8.4,$$$$$,SingleMalt-like,Finland,Malt
Bunnahabhain Darach Ur,8.39,$$$,SingleMalt-like,Scotland,Malt
Tomatin 15yo,8.39,$$$$,SingleMalt-like,Scotland,Malt
Glenlivet 15yo French Oak,8.38,$$$$,SingleMalt-like,Scotland,Malt
Auchentoshan 18yo,8.37,$$$$$,SingleMalt-like,Scotland,Malt
Auchentoshan Bartender's Malt,8.37,$$,SingleMalt-like,Scotland,Malt
Craigellachie 14yo,8.37,$$$$$+,SingleMalt-like,Scotland,Malt
BenRiach 12yo Horizons,8.35,$$$$,SingleMalt-like,Scotland,Malt
Singleton of Dufftown 18yo,8.35,$$$$,SingleMalt-like,Scotland,Malt
Old Pulteney Navigator,8.34,$$$,SingleMalt-like,Scotland,Malt
Cragganmore 12yo,8.33,$$$,SingleMalt-like,Scotland,Malt
Glenrothes Vintage 1998 (2014),8.33,$$$$,SingleMalt-like,Scotland,Malt
Knappogue Castle 14yo Twin Wood,8.33,$$$$,SingleMalt-like,Ireland,Malt
Tullibardine 225 Sauternes Finish,8.33,$$$$,SingleMalt-like,Scotland,Malt
Singleton of Dufftown 15yo,8.32,$$$,SingleMalt-like,Scotland,Malt
Teeling Small Batch (Rum Cask Finish),8.31,$$,SingleMalt-like,Ireland,Blend
Deveron 12yo,8.3,$$$,SingleMalt-like,Scotland,Malt
Glencadam Origin 1825 (NAS),8.3,$$,SingleMalt-like,Scotland,Malt
Monkey Shoulder,8.3,$$,SingleMalt-like,Scotland,Malt
Ohishi Brandy Cask,8.29,$$$$,SingleMalt-like,Scotland,Malt
Singleton of Glen Ord 12yo,8.29,$$,SingleMalt-like,Scotland,Malt
Sullivans Cove Double Cask,8.29,$$$$,SingleMalt-like,Tasmania,Malt
Wemyss Malts Smooth Gentleman,8.29,$$$,SingleMalt-like,Scotland,Malt
Glenfiddich 14yo Bourbon Barrel Reserve,8.28,$$$$,SingleMalt-like,Scotland,Malt
Macallan Amber,8.28,$$$,SingleMalt-like,Scotland,Malt
Scapa 16yo,8.28,$$$$,SingleMalt-like,Scotland,Malt
Auchentoshan 12yo,8.27,$$$,SingleMalt-like,Scotland,Malt
Teaninich 10yo (F&F),8.27,,SingleMalt-like,Scotland,Malt
Stalk & Barrel Single Malt (All Casks),8.26,$$$,SingleMalt-like,Canada,Malt
Bruichladdich Black Art 1989,8.25,$$$$$+,SingleMalt-like,Scotland,Malt
Gouden Carolus Single Malt,8.25,$$$$,SingleMalt-like,Belgium,Malt
Macallan 10yo Fine Oak,8.25,$$$,SingleMalt-like,Scotland,Malt
Glenrothes Elders' Reserve,8.24,$$$$,SingleMalt-like,Scotland,Malt
Tobermory 10yo,8.24,$$$,SingleMalt-like,Scotland,Malt
Mackmyra Moment Jakt,8.23,$$$$$,SingleMalt-like,Sweden,Malt
Royal Brackla 12yo,8.23,$$$$,SingleMalt-like,Scotland,Malt
Edradour 10yo,8.22,$$$,SingleMalt-like,Scotland,Malt
Glen Breton 21yo,8.22,$$$$$,SingleMalt-like,Canada,Malt
Scallywag,8.22,$$$$,SingleMalt-like,Scotland,Malt
Bruichladdich Sherry Classic,8.21,$$$$,SingleMalt-like,Scotland,Malt
Strathisla 12yo,8.21,$$$,SingleMalt-like,Scotland,Malt
Deanston 12yo,8.2,$$$,SingleMalt-like,Scotland,Malt
Tomintoul 12yo Oloroso Sherry,8.2,$$$$,SingleMalt-like,Scotland,Malt
Glenfiddich Select Cask,8.19,$$$,SingleMalt-like,Scotland,Malt
Glenrothes Vintage 2001 (all bottlings),8.17,$$$$,SingleMalt-like,Scotland,Malt
Tullibardine 1993 Sauternes,8.17,$$$,SingleMalt-like,Scotland,Malt
Arran Malt Robert Burns Single Malt,8.15,$$,SingleMalt-like,Scotland,Malt
Auchroisk 10yo (F&F),8.15,$$$,SingleMalt-like,Scotland,Malt
Aberfeldy 12yo,8.14,$$$,SingleMalt-like,Scotland,Malt
Glen Moray 10yo Chardonnay Cask,8.11,$$,SingleMalt-like,Scotland,Malt
BenRiach 15yo Sauternes Finish,8.09,$$$$,SingleMalt-like,Scotland,Malt
Glen Garioch Virgin Oak,8.09,$$$$,SingleMalt-like,Scotland,Malt
Singleton of Dufftown Unité,8.08,$$,SingleMalt-like,Scotland,Malt
Miltonduff 10yo (F&F),8.07,$$$,SingleMalt-like,Scotland,Malt
Tullibardine 228 Burgundy Finish,8.06,$$$,SingleMalt-like,Scotland,Malt
Dalmore Valour,8.05,$$$$,SingleMalt-like,Scotland,Malt
Glenlivet 12yo,8.05,$$$,SingleMalt-like,Scotland,Malt
Tomatin 12yo,8.05,$$,SingleMalt-like,Scotland,Malt
Singleton of Glendullan 12yo,8.04,$$,SingleMalt-like,Scotland,Malt
Nikka Super,8.03,$$$,SingleMalt-like,Japan,Malt
Tullamore Dew 10yo Single Malt,8.02,$$$,SingleMalt-like,Ireland,Malt
Glenburgie 10yo (Gordon & MacPhail),8.01,$$$,SingleMalt-like,Scotland,Malt
The Irishman Single Malt (NAS),7.99,$$$,SingleMalt-like,Ireland,Malt
Glenlivet Founder's Reserve,7.98,$$,SingleMalt-like,Scotland,Malt
Glen Deveron 10yo (Macduff),7.97,$$,SingleMalt-like,Scotland,Malt
Millstone 8yo French Oak,7.95,$$$$,SingleMalt-like,Netherlands,Malt
Scapa Skiren,7.94,$$$$,SingleMalt-like,Scotland,Malt
Santis Edition Sigel,7.93,$$$,SingleMalt-like,Switzerland,Malt
Singleton of Dufftown 12yo,7.91,$$,SingleMalt-like,Scotland,Malt
Singleton of Glen Ord Signature,7.9,$$$,SingleMalt-like,Scotland,Malt
Glen Moray 12yo Chenin Blanc,7.86,$$,SingleMalt-like,Scotland,Malt
Glenrothes Select Reserve,7.78,$$$,SingleMalt-like,Scotland,Malt
Penderyn Legend,7.76,$$$,SingleMalt-like,Wales,Malt
Penderyn Aur Cymru,7.72,$$$$,SingleMalt-like,Wales,Malt
Speyside 10yo,7.71,$$$,SingleMalt-like,Scotland,Malt
Mars Iwai Tradition,7.68,$$$$,SingleMalt-like,Japan,Blend
Mackmyra Special 01,7.6,$$$$$,SingleMalt-like,Sweden,Malt
Glen Moray 16yo Chenin Blanc,7.58,$$$,SingleMalt-like,Scotland,Malt
Santis Edition Säntis,7.54,$$$$,SingleMalt-like,Switzerland,Malt
McClelland's Speyside Single Malt,6.95,$$,SingleMalt-like,Scotland,Malt
Kavalan Solist Moscatel Cask,9.21,$$$$$+,SingleMalt-like,Scotland,Malt
Midleton Barry Crockett Legacy,9.12,$$$$$,SingleMalt-like,Ireland,Blend
Highland Park 17yo The Light,9.04,$$$$$,SingleMalt-like,Scotland,Malt
Yamazaki Limited Edition 2015,8.97,$$$$$+,SingleMalt-like,Japan,Malt
Kirin 18yo (Fuji Sanroku),8.95,$$$$$+,SingleMalt-like,Japan,Malt
Mackmyra Iskristall,8.91,$$$$$,SingleMalt-like,Sweden,Malt
Box (High Coast) The 2nd Step Collection 03,8.9,$$$$$,SingleMalt-like,Sweden,Malt
Teeling Silver Reserve 21yo Sauternes Finish,8.9,$$$$$,SingleMalt-like,Ireland,Malt
Bruichladdich Laddie Twenty Two,8.88,$$$$$,SingleMalt-like,Scotland,Malt
Mackinlay's Shackleton Rare Old Highland Malt Discovery edition,8.87,$$$$$,SingleMalt-like,Scotland,Malt
Mackmyra Vinterdrom,8.87,$$$$$,SingleMalt-like,Sweden,Malt
Compass Box Double Single (all editions),8.86,$$$$$,SingleMalt-like,Scotland,Blend
Kilkerran 12yo,8.86,$$$$,SingleMalt-like,Scotland,Malt
Compass Box Double Single,8.85,$$$$$,SingleMalt-like,Scotland,Blend
Balvenie 15yo Single Barrel (Cask),8.84,$$$$,SingleMalt-like,Scotland,Malt
Bruichladdich Laddie Ten (Second Edition),8.84,$$$,SingleMalt-like,Scotland,Malt
Kavalan Distillery Reserve Rum Cask,8.84,$$$$$,SingleMalt-like,Taiwan,Malt
Bruichladdich Laddie Ten,8.81,$$$,SingleMalt-like,Scotland,Malt
Glencadam 21yo,8.81,$$$$$,SingleMalt-like,Scotland,Malt
Arran Malt Orkney Bere Barley,8.8,$$$$,SingleMalt-like,Scotland,Malt
Benromach 5yo,8.8,$$,SingleMalt-like,Scotland,Malt
Compass Box Enlightenment,8.8,$$$$,SingleMalt-like,Scotland,Malt
Kilkerran Work in Progress Bourbon Wood,8.79,$$$$,SingleMalt-like,Scotland,Malt
Glen Breton Ice 17yo,8.78,$$$$$,SingleMalt-like,Canada,Malt
Glencadam 30yo,8.78,$$$$$+,SingleMalt-like,Scotland,Malt
Macallan 17yo Fine Oak,8.78,$$$$$,SingleMalt-like,Scotland,Malt
Mackinlay's Shackleton Rare Old Highland Malt (both limited editions),8.78,$$$$$,SingleMalt-like,Scotland,Malt
Old Pulteney 21yo,8.78,$$$$$,SingleMalt-like,Scotland,Malt
Yamazaki Bourbon Barrel,8.78,$$$$$,SingleMalt-like,Japan,Malt
Bruichladdich Laddie Sixteen,8.75,$$$$,SingleMalt-like,Scotland,Malt
Glenmorangie Tusail,8.75,$$$$$,SingleMalt-like,Scotland,Malt
Glenmorangie Spios Private Edition No 9,8.74,$$$$,SingleMalt-like,Scotland,Malt
Hakushu 10yo,8.74,$$$,SingleMalt-like,Japan,Malt
Bladnoch 19yo (Cow label),8.73,$$$$$,SingleMalt-like,Scotland,Malt
Westland Garryana,8.73,$$$$$,SingleMalt-like,USA,Malt
Caol Ila 15yo Unpeated,8.71,$$$$$,SingleMalt-like,Scotland,Malt
Hakushu 12yo,8.71,$$$$,SingleMalt-like,Japan,Malt
AnCnoc 16yo,8.7,$$$$,SingleMalt-like,Scotland,Malt
Mackmyra Ten Years 10yo,8.7,$$$$$,SingleMalt-like,Sweden,Malt
Compass Box Rivals,8.69,$$$$$,SingleMalt-like,Scotland,Blend
Glenfiddich 26yo Excellence,8.69,$$$$$+,SingleMalt-like,Scotland,Malt
Kavalan Podium,8.68,$$$$,SingleMalt-like,Taiwan,Malt
Arran Malt 14yo,8.67,$$$$,SingleMalt-like,Scotland,Malt
Yamazaki 12yo,8.67,$$$$,SingleMalt-like,Japan,Malt
Mackmyra The First Edition (Den Första Utgåvan),8.66,$$$,SingleMalt-like,Sweden,Malt
Arran Malt 12yo Cask Strength (all editions),8.64,$$$$,SingleMalt-like,Scotland,Malt
Dalwhinnie 15yo,8.64,$$$$,SingleMalt-like,Scotland,Malt
Glenmorangie The Tarlogan,8.62,$$$$,SingleMalt-like,Scotland,Malt
Hibiki 12yo,8.61,$$$$,SingleMalt-like,Japan,Blend
Stronachie 18yo,8.61,$$$$,SingleMalt-like,Scotland,Malt
Yamazaki Puncheon,8.61,$$$$$,SingleMalt-like,Japan,Malt
AnCnoc 12yo,8.6,$$$,SingleMalt-like,Scotland,Malt
BenRiach Cask Strength,8.6,$$$$,SingleMalt-like,Scotland,Malt
Mackinlay's Shackleton Rare Old Highland Malt Journey edition,8.6,$$$$$,SingleMalt-like,Scotland,Malt
Kilkerran Work in Progress,8.59,$$$$,SingleMalt-like,Scotland,Malt
Longrow 10yo,8.59,$$$$,SingleMalt-like,Scotland,Malt
Mackmyra Preludium 03,8.59,$$$$$,SingleMalt-like,Sweden,Malt
Tullibardine 20yo,8.59,$$$$$,SingleMalt-like,Scotland,Malt
Aultmore 18yo,8.58,$$$$$,SingleMalt-like,Scotland,Malt
Linkwood 12yo (F&F),8.58,$$$$,SingleMalt-like,Scotland,Malt
Mars Maltage Cosmo,8.56,$$$$,SingleMalt-like,Japan,Malt
Inchgower 14yo (F&F),8.55,$$$$,SingleMalt-like,Scotland,Malt
Nikka Miyagikyo NAS,8.55,$$$$,SingleMalt-like,Japan,Malt
Spirit of Hven Urania,8.55,$$$$$+,SingleMalt-like,Sweden,Malt
BenRiach 10yo,8.54,$$$,SingleMalt-like,Scotland,Malt
Arran Malt 10yo,8.53,$$$,SingleMalt-like,Scotland,Malt
Ichiro's Malt Chichibu The Floor Malted,8.53,$$$$$+,SingleMalt-like,Japan,Malt
GlenDronach 14yo Virgin Oak,8.52,$$$$,SingleMalt-like,Scotland,Malt
Glen Breton 15yo Battle of the Glen,8.5,$$$$$,SingleMalt-like,Canada,Malt
Bruichladdich Classic Laddie Scottish Barley,8.49,$$$,SingleMalt-like,Scotland,Malt
Tomatin Cu Bocan Virgin Oak Edition,8.49,$$$$,SingleMalt-like,Scotland,Malt
Aultmore 12yo,8.48,$$$$,SingleMalt-like,Scotland,Malt
Glencadam 15yo,8.48,$$$$,SingleMalt-like,Scotland,Malt
Glendalough 13yo Single Malt,8.48,$$$$,SingleMalt-like,Ireland,Malt
Mackmyra Special 07,8.48,$$$$,SingleMalt-like,Sweden,Malt
Kavalan King Car Conductor,8.47,$$$$,SingleMalt-like,Taiwan,Malt
Sheep Dip Blended Malt,8.47,$$,SingleMalt-like,Scotland,Malt
AnCnoc Peter Arkle (all releases),8.46,$$$$,SingleMalt-like,Scotland,Malt
Ichiro's Malt Chichibu The First,8.46,$$$$$+,SingleMalt-like,Japan,Malt
Glen Grant 10yo (G&M),8.45,$$$,SingleMalt-like,Scotland,Malt
Glencadam 10yo,8.45,$$$,SingleMalt-like,Scotland,Malt
Glenmorangie 10yo,8.45,$$$,SingleMalt-like,Scotland,Malt
Knappogue Castle 12yo,8.45,$$$,SingleMalt-like,Ireland,Malt
Macallan 12yo Fine Oak,8.45,$$$$,SingleMalt-like,Scotland,Malt
Benromach Traditional,8.44,$$,SingleMalt-like,Scotland,Malt
Yamazaki NAS,8.44,$$$$,SingleMalt-like,Japan,Malt
BenRiach 12yo,8.43,$$$,SingleMalt-like,Scotland,Malt
FEW Single Malt,8.43,$$$$,SingleMalt-like,USA,Malt
Balblair 2000,8.42,$$$$,SingleMalt-like,Scotland,Malt
Bruichladdich Laddie Eight 8yo,8.42,$$$,SingleMalt-like,Scotland,Malt
Talisker Skye,8.42,$$,SingleMalt-like,Scotland,Malt
Bruichladdich Laddie Classic (Edition 01),8.41,$$$,SingleMalt-like,Scotland,Malt
Mackmyra The Swedish Whisky (Brukswhisky),8.41,$$,SingleMalt-like,Sweden,Malt
Penderyn Myth,8.41,$$$,SingleMalt-like,Wales,Malt
Glenkinchie Distiller's Edition (all editions),8.4,$$$$,SingleMalt-like,Scotland,Malt
Kavalan Single Malt Whisky,8.4,$$$$,SingleMalt-like,Taiwan,Malt
Stronachie 10yo,8.4,$$$,SingleMalt-like,Scotland,Malt
Wemyss Malts The Hive,8.4,$$$,SingleMalt-like,Scotland,Malt
Craigellachie 13yo,8.39,$$$,SingleMalt-like,Scotland,Malt
Hakushu Distiller's Reserve,8.39,$$$$,SingleMalt-like,Japan,Malt
Glen Garioch Founder's Reserve,8.38,$$$,SingleMalt-like,Scotland,Malt
Strathmill 12yo,8.37,$$$$,SingleMalt-like,Scotland,Malt
Tomintoul 25yo,8.36,$$$$$+,SingleMalt-like,Scotland,Malt
Hazelburn 8yo (Springbank),8.35,$$$$,SingleMalt-like,Scotland,Malt
Hibiki Harmony,8.35,$$$$,SingleMalt-like,Japan,Blend
Mackmyra Svensk Ek,8.35,$$$$,SingleMalt-like,Sweden,Malt
Glenglassaugh Octaves Classic,8.34,$$$$,SingleMalt-like,Scotland,Malt
Ichiro's Malt Mizunara Wood Reserve (MWR),8.34,$$$$$,SingleMalt-like,Japan,Malt
Tomatin Cask Strength,8.34,$$$$,SingleMalt-like,Scotland,Malt
Hakushu NAS,8.33,$$$,SingleMalt-like,Japan,Malt
Glen Grant 12yo,8.32,$$$,SingleMalt-like,Scotland,Malt
Mackmyra Special 02,8.32,$$$$$,SingleMalt-like,Sweden,Malt
Mackinlay's Shackleton Blended Malt,8.31,$$$,SingleMalt-like,Scotland,Malt
Amrut Indian Single Malt,8.3,$$$,SingleMalt-like,India,Malt
Auchentoshan Valinch,8.3,$$$,SingleMalt-like,Scotland,Malt
BenRiach 20yo,8.3,$$$$$,SingleMalt-like,Scotland,Malt
Highland Park Svein,8.29,$$$,SingleMalt-like,Scotland,Malt
Tamdhu 10yo,8.29,$$$$,SingleMalt-like,Scotland,Malt
Tomintoul 16yo,8.29,$$$,SingleMalt-like,Scotland,Malt
Wolfburn (NAS),8.29,$$$,SingleMalt-like,Scotland,Malt
Arran Malt Lochranza Reserve,8.27,$$$,SingleMalt-like,Scotland,Malt
Bladnoch Vintage 1992-2007 (Signatory),8.27,$$$$$,SingleMalt-like,Scotland,Malt
Box (High Coast) Quercus I Robur,8.27,$$$$,SingleMalt-like,Sweden,Malt
Mannochmore 12yo (F&F),8.27,$$$,SingleMalt-like,Scotland,Malt
Cardhu Amber Rock,8.26,$$$,SingleMalt-like,Scotland,Malt
Glen Grant 10yo,8.26,$$,SingleMalt-like,Scotland,Malt
Glenfiddich 1963 Original Malt,8.26,$$$$,SingleMalt-like,Scotland,Malt
Glengoyne 10yo,8.26,$$$,SingleMalt-like,Scotland,Malt
Tullibardine Vintage 1993,8.26,$$$,SingleMalt-like,Scotland,Malt
Glendalough 7yo Single Malt,8.25,$$$,SingleMalt-like,Ireland,Malt
Hibiki Harmony Master's Select,8.25,$$$$$,SingleMalt-like,Japan,Blend
Teerenpeli 10yo,8.25,$$$$$,SingleMalt-like,Finland,Malt
White Oak Akashi 5yo,8.25,$$$$$,SingleMalt-like,Japan,Malt
Bladnoch 1993-2009 (G&M),8.24,$$$$$,SingleMalt-like,Scotland,Malt
Nikka Taketsuru NAS,8.24,$$$$,SingleMalt-like,Japan,Malt
St George's Chapter 6 (unpeated),8.24,$$$,SingleMalt-like,England,Malt
Bushmills 10yo Single Malt,8.23,$$$,SingleMalt-like,Ireland,Malt
Glen Breton Ice 10yo,8.23,$$$$,SingleMalt-like,Canada,Malt
Glenkinchie 12yo,8.23,$$$,SingleMalt-like,Scotland,Malt
Glenrothes Alba Reserve,8.23,$$$,SingleMalt-like,Scotland,Malt
Highland Park Harald,8.23,$$$$,SingleMalt-like,Scotland,Malt
Tyrconnell Single Malt Irish Whiskey,8.22,$$,SingleMalt-like,Ireland,Malt
Auchentoshan Virgin Oak,8.2,$$$$,SingleMalt-like,Scotland,Malt
Macallan Gold,8.2,$$$,SingleMalt-like,Scotland,Malt
Stronachie 12yo,8.19,$$$,SingleMalt-like,Scotland,Malt
Tullibardine Sovereign,8.19,$$$,SingleMalt-like,Scotland,Malt
Glenlossie 10yo (F&F),8.18,$$$,SingleMalt-like,Scotland,Malt
The Quiet Man 8yo Single Malt,8.17,$$$,SingleMalt-like,Ireland,Malt
Nikka Gold & Gold,8.16,$$$,SingleMalt-like,Japan,Malt
Deanston Virgin Oak,8.15,$$,SingleMalt-like,Scotland,Malt
Glenglassaugh Evolution,8.15,$$$,SingleMalt-like,Scotland,Malt
Glenrothes Bourbon Cask Reserve,8.15,$$$,SingleMalt-like,Scotland,Malt
Mackmyra Midnattssol,8.13,$$$$,SingleMalt-like,Sweden,Malt
Tormore 14yo,8.13,$$$,SingleMalt-like,Scotland,Malt
Glenfiddich 12yo,8.1,$$$,SingleMalt-like,Scotland,Malt
Glenturret 10yo,8.1,$$,SingleMalt-like,Scotland,Malt
Knappogue Castle Vintage,8.1,$$$,SingleMalt-like,Ireland,Malt
Speyburn 10yo,8.09,$$,SingleMalt-like,Scotland,Malt
Tomatin Legacy,8.09,$$,SingleMalt-like,Scotland,Malt
Cardhu 12yo,8.06,$$$,SingleMalt-like,Scotland,Malt
Glen Breton 14yo,8.06,$$$$,SingleMalt-like,Canada,Malt
Glen Spey 12yo (F&F),8.06,$$$,SingleMalt-like,Scotland,Malt
Glen Breton 10yo Rare,8.05,$$$$,SingleMalt-like,Canada,Malt
Glen Moray 12yo,8.05,$$,SingleMalt-like,Scotland,Malt
Tullibardine Aged Oak Edition,8.05,$$$,SingleMalt-like,Scotland,Malt
Lohin McKinnon Single Malt,8.04,$$$,SingleMalt-like,Canada,Malt
Tomatin Cu Bocan,8.03,$$$$,SingleMalt-like,Scotland,Malt
Glen Moray Classic,8.02,$,SingleMalt-like,Scotland,Malt
Kilbeggan Irish Reserve Malt Whiskey,7.97,$$,SingleMalt-like,Ireland,Malt
Pig's Nose 5yo Blended Malt,7.97,$$,SingleMalt-like,Scotland,Malt
Auchentoshan Classic,7.96,$$,SingleMalt-like,Scotland,Malt
Bladnoch 16yo (Signatory),7.94,$$$$$,SingleMalt-like,Scotland,Malt
Knockando 12yo (All Vintages),7.92,$$,SingleMalt-like,Scotland,Malt
White Oak Akashi Single Malt (NAS),7.92,$$$$,SingleMalt-like,Japan,Malt
Tormore 12yo,7.91,$$$,SingleMalt-like,Scotland,Malt
Glen Grant The Major's Reserve,7.89,$$,SingleMalt-like,Scotland,Malt
Speyside 12yo,7.86,$$,SingleMalt-like,Scotland,Malt
Tomintoul 10yo,7.83,$$$,SingleMalt-like,Scotland,Malt
Auchentoshan 10yo,7.78,$$$,SingleMalt-like,Scotland,Malt
Auchentoshan American Oak,7.76,$$,SingleMalt-like,Scotland,Malt
BenRiach Heart of Speyside,7.72,$$$,SingleMalt-like,Scotland,Malt
Tamnavulin 12yo,7.7,$$,SingleMalt-like,Scotland,Malt
Loch Lomond,7.69,$,SingleMalt-like,Scotland,Malt
McClelland's Highland Single Malt,7.09,$$,SingleMalt-like,Scotland,Malt
McClelland's Lowland Single Malt,6.97,$$,SingleMalt-like,Scotland,Malt
Port Ellen 2nd release 24yo 59.35%,9.48,$$$$$+,SingleMalt-like,Scotland,Malt
Port Ellen 9th release 30yo,9.48,$$$$$+,SingleMalt-like,Scotland,Malt
Port Ellen 14th release 35yo,9.4,$$$$$+,SingleMalt-like,Scotland,Malt
Port Ellen 10th release 31yo,9.37,$$$$$+,SingleMalt-like,Scotland,Malt
Port Ellen 15th release 32yo,9.35,$$$$$+,SingleMalt-like,Scotland,Malt
Port Ellen 7th release 28yo,9.33,$$$$$+,SingleMalt-like,Scotland,Malt
Port Ellen 11th release 32yo,9.31,$$$$$+,SingleMalt-like,Scotland,Malt
Caol Ila 30yo,9.3,$$$$$+,SingleMalt-like,Scotland,Malt
Talisker 35yo,9.3,$$$$$+,SingleMalt-like,Scotland,Malt
Port Ellen (all OB releases),9.28,$$$$$+,SingleMalt-like,Scotland,Malt
Port Ellen 16th release 37yo,9.22,$$$$$+,SingleMalt-like,Scotland,Malt
Port Ellen 3rd release 24yo,9.22,$$$$$+,SingleMalt-like,Scotland,Malt
Port Ellen 6th release 27yo,9.2,$$$$$+,SingleMalt-like,Scotland,Malt
Port Ellen 4th release 25yo,9.19,$$$$$+,SingleMalt-like,Scotland,Malt
Talisker 30yo,9.18,$$$$$+,SingleMalt-like,Scotland,Malt
Compass Box Flaming Heart 2018 6th Edition,9.17,$$$$$,SingleMalt-like,Scotland,Malt
Talisker 18yo,9.15,$$$$$,SingleMalt-like,Scotland,Malt
Springbank 16yo Local Barley,9.12,$$$$$,SingleMalt-like,Scotland,Malt
Ledaig 42yo,9.11,$$$$$+,SingleMalt-like,Scotland,Malt
Port Ellen 12th release 32yo,9.07,$$$$$+,SingleMalt-like,Scotland,Malt
Compass Box Flaming Heart 2008 2nd Edition,9.05,$$$$$,SingleMalt-like,Scotland,Malt
Compass Box Flaming Heart 2015 5th Edition - 15th Anniversary,9.04,$$$$$,SingleMalt-like,Scotland,Malt
Highland Park Sigurd,9.03,$$$$$,SingleMalt-like,Scotland,Malt
Springbank 11yo Local Barley,9.03,$$$$$,SingleMalt-like,Scotland,Malt
Compass Box Flaming Heart (all editions),8.99,$$$$$,SingleMalt-like,Scotland,Malt
Nikka Yoichi 15yo,8.98,$$$$$,SingleMalt-like,Japan,Malt
Oban 21yo,8.98,$$$$$+,SingleMalt-like,Scotland,Malt
Talisker 25yo,8.98,$$$$$+,SingleMalt-like,Scotland,Malt
Glen Garioch 1994,8.96,$$$$,SingleMalt-like,Scotland,Malt
Kilkerran 8yo Cask Strength,8.96,$$$$,SingleMalt-like,Scotland,Malt
Ledaig 13yo Amontillado Cask Finish,8.96,$$$$,SingleMalt-like,Scotland,Malt
Talisker 8yo 2018 Special Release,8.96,$$$$$,SingleMalt-like,Scotland,Malt
Bruichladdich Port Charlotte PC10 Tro Na Linntean,8.95,$$$$$,SingleMalt-like,Scotland,Malt
Glen Garioch 1995,8.95,$$$$,SingleMalt-like,Scotland,Malt
Glen Garioch 1991,8.94,$$$$,SingleMalt-like,Scotland,Malt
Kilchoman Bourbon Single Cask,8.94,$$$$,SingleMalt-like,Scotland,Malt
Compass Box The Lost Blend,8.93,$$$$$,SingleMalt-like,Scotland,Malt
Springbank 18yo,8.93,$$$$$,SingleMalt-like,Scotland,Malt
Tomatin Cu Bocan 1989 Limited Edition,8.93,$$$$$+,SingleMalt-like,Scotland,Malt
Compass Box Flaming Heart 2010 3rd Edition - 10th Anniversary,8.92,$$$$$,SingleMalt-like,Scotland,Malt
Port Ellen 8th release 29yo,8.92,$$$$$+,SingleMalt-like,Scotland,Malt
Bruichladdich Port Charlotte PC11 Eorna Na H-Alba,8.91,$$$$$,SingleMalt-like,Scotland,Malt
Talisker 57 North,8.91,$$$$,SingleMalt-like,Scotland,Malt
Talisker Distiller's Edition (all editions),8.91,$$$$,SingleMalt-like,Scotland,Malt
BenRiach 21yo Authenticus Peated,8.89,$$$$$,SingleMalt-like,Scotland,Malt
Compass Box Flaming Heart 2012 4th Edition,8.89,$$$$$,SingleMalt-like,Scotland,Malt
Ledaig 19yo Marsala Finish,8.88,$$$$$,SingleMalt-like,Scotland,Malt
Wemyss Malts The Rockpool,8.88,$$$,SingleMalt-like,Scotland,Malt
Bladnoch 9yo Lightly Peated,8.86,$$$$$,SingleMalt-like,Scotland,Malt
Talisker 10yo,8.86,$$$$,SingleMalt-like,Scotland,Malt
Bowmore Mizunara Cask Finish,8.85,$$$$$+,SingleMalt-like,Scotland,Malt
Caol Ila 25yo,8.84,$$$$$,SingleMalt-like,Scotland,Malt
Bruichladdich Port Charlotte PC12 Oileanach Furachail,8.83,$$$$$,SingleMalt-like,Scotland,Malt
Dun Bheagan Islay 2009,8.83,$$,SingleMalt-like,Scotland,Malt
Bruichladdich Port Charlotte PC10 (Second Edition),8.81,$$$$,SingleMalt-like,Scotland,Malt
Kavalan Distillery Reserve Peaty Cask,8.81,$$$$$+,SingleMalt-like,Taiwan,Malt
Bruichladdich Port Charlotte 10yo Heavily Peated (Second Edition),8.8,$$$$,SingleMalt-like,Scotland,Malt
Port Ellen Douglas Laing McGibbon's Provenance John Milroy 23yo (all editions),8.8,$$$$$+,SingleMalt-like,Scotland,Malt
BenRiach 25yo Authenticus Peated,8.78,$$$$$,SingleMalt-like,Scotland,Malt
Hakushu Single Malt Heavily Peated,8.77,$$$$$+,SingleMalt-like,Japan,Malt
Bowmore 10yo Tempest,8.76,$$$$,SingleMalt-like,Scotland,Malt
Bruichladdich Infinity Third Edition,8.76,$$$$$,SingleMalt-like,Scotland,Malt
Glenlivet Nadurra Peated Cask Finish,8.76,$$$$,SingleMalt-like,Scotland,Malt
Highland Park 12yo (reviews pre-2014),8.76,$$$,SingleMalt-like,Scotland,Malt
Springbank 12yo Green,8.76,$$$$,SingleMalt-like,Scotland,Malt
Bruichladdich Port Charlotte 10yo Heavily Peated (First Edition),8.75,$$$$,SingleMalt-like,Scotland,Malt
Caol Ila 18yo,8.75,$$$$$,SingleMalt-like,Scotland,Malt
Nikka Pure Malt Black,8.75,$$$,SingleMalt-like,Japan,Malt
Nikka Yoichi 12yo,8.75,$$$$$,SingleMalt-like,Japan,Malt
Port Ellen 2nd release 24yo 54.3%,8.75,$$$$$+,SingleMalt-like,Scotland,Malt
Bruichladdich Port Charlotte Scottish Barley Heavily Peated,8.74,$$$$,SingleMalt-like,Scotland,Malt
Caol Ila 12yo,8.74,$$$$,SingleMalt-like,Scotland,Malt
Oban 18yo,8.73,$$$$$,SingleMalt-like,Scotland,Malt
Paul John Bold,8.73,$$$,SingleMalt-like,India,Malt
Paul John Peated Select Cask,8.73,$$$$,SingleMalt-like,India,Malt
Big Peat (Douglas Laing),8.72,$$$$,SingleMalt-like,Scotland,Malt
Bruichladdich Port Charlotte An Turas Mor,8.72,$$$$,SingleMalt-like,Scotland,Malt
Springbank 10yo,8.72,$$$$,SingleMalt-like,Scotland,Malt
Highland Park 15yo Freya,8.71,$$$$$+,SingleMalt-like,Scotland,Malt
Spirit of Hven Tycho’s Star,8.71,$$$$,SingleMalt-like,Sweden,Malt
Compass Box Lady Luck,8.7,$$$$$,SingleMalt-like,Scotland,Malt
Highland Park 17yo Ice,8.7,$$$$$+,SingleMalt-like,Scotland,Malt
Nikka Pure Malt White,8.69,$$$,SingleMalt-like,Japan,Malt
Kilchoman Sanaig,8.68,$$$$,SingleMalt-like,Scotland,Malt
Benromach 10yo,8.67,$$$,SingleMalt-like,Scotland,Malt
Kilchoman Coull Point,8.67,$$$$$,SingleMalt-like,Scotland,Malt
Nikka Miyagikyo 15yo,8.67,$$$$$,SingleMalt-like,Japan,Malt
Balvenie 14yo Peat Week,8.66,$$$$$,SingleMalt-like,Scotland,Malt
Westland Peat Week,8.66,$$$$,SingleMalt-like,USA,Malt
Dun Bheagan Islay (all vintage editions),8.65,$$,SingleMalt-like,Scotland,Malt
Glenglassaugh Torfa,8.65,$$$,SingleMalt-like,Scotland,Malt
Highland Park 12yo (all reviews),8.65,$$$,SingleMalt-like,Scotland,Malt
Nikka Yoichi 10yo,8.65,$$$$,SingleMalt-like,Japan,Malt
Penderyn Celt,8.65,$$$,SingleMalt-like,Wales,Malt
Highland Park 12yo Viking Honour (post-2017),8.64,$$$,SingleMalt-like,Scotland,Malt
Talisker Dark Storm,8.64,$$$,SingleMalt-like,Scotland,Malt
Kilchoman Sauternes Cask Matured,8.63,$$$$,SingleMalt-like,Scotland,Malt
Mackmyra Svensk Rök,8.63,$$$$,SingleMalt-like,Sweden,Malt
Bowmore 15yo Mariner,8.62,$$$$$,SingleMalt-like,Scotland,Malt
BenRiach 10yo Curiositas,8.61,$$$,SingleMalt-like,Scotland,Malt
Bowmore Vault Edition First Release,8.61,$$$$$,SingleMalt-like,Scotland,Malt
Longrow 7yo Gaja Barolo Finish,8.6,$$$$,SingleMalt-like,Scotland,Malt
Bowmore 17yo White Sands,8.59,$$$$,SingleMalt-like,Scotland,Malt
"Elements of Islay ""Peat""",8.59,$$$,SingleMalt-like,Scotland,Malt
Glenfiddich Fire & Cane Experimental Series No. 4,8.58,$$$,SingleMalt-like,Scotland,Malt
Mars Kogamatake The Revival 2011,8.58,$$$$$,SingleMalt-like,Japan,Malt
Nikka Yoichi NAS,8.58,$$$$,SingleMalt-like,Japan,Malt
Paul John Edited,8.58,$$$,SingleMalt-like,India,Malt
Talisker Storm,8.58,$$$$,SingleMalt-like,Scotland,Malt
BenRiach Peated Quarter Casks,8.57,$$$$,SingleMalt-like,Scotland,Malt
Bruichladdich Islay Barley (all vintages),8.57,$$$$,SingleMalt-like,Scotland,Malt
Arran Malt Machrie Moor Cask Strength,8.55,$$$$,SingleMalt-like,Scotland,Malt
Compass Box Eleuthera,8.55,$$$$,SingleMalt-like,Scotland,Malt
Nikka Miyagikyo 12yo,8.55,$$$$,SingleMalt-like,Japan,Malt
Bowmore 18yo,8.54,$$$$,SingleMalt-like,Scotland,Malt
GlenDronach Peated,8.54,$$$,SingleMalt-like,Scotland,Malt
Box (High Coast) Early Days (batches 01/02),8.53,$$$$,SingleMalt-like,Sweden,Malt
Glen Garioch 1997,8.52,$$$$,SingleMalt-like,Scotland,Malt
Spirit of Hven Seven Stars No. 2 Merak,8.52,$$$$$,SingleMalt-like,Sweden,Malt
Westland Peated,8.52,$$$$,SingleMalt-like,USA,Malt
Ardmore Traditional Cask,8.51,$$$,SingleMalt-like,Scotland,Malt
Highland Park 10yo,8.51,$$$,SingleMalt-like,Scotland,Malt
Nikka Miyagikyo 10yo,8.51,$$$$,SingleMalt-like,Japan,Malt
Oban 14yo,8.5,$$$$,SingleMalt-like,Scotland,Malt
Spirit of Hven Seven Stars No. 3 Phecda,8.5,$$$$$,SingleMalt-like,Sweden,Malt
Teerenpeli Suomi 100 Juhlaviski,8.5,$$$$,SingleMalt-like,Finland,Malt
Glenfiddich Vintage Cask,8.48,$$$$,SingleMalt-like,Scotland,Malt
Box (High Coast) Dalvve,8.47,$$$$,SingleMalt-like,Sweden,Malt
Fettercairn Fior,8.47,$$$,SingleMalt-like,Scotland,Malt
Dun Bheagan Islay 1999,8.43,$$,SingleMalt-like,Scotland,Malt
Glen Moray Classic Peated,8.43,$$,SingleMalt-like,Scotland,Malt
Ledaig 10yo,8.42,$$$,SingleMalt-like,Scotland,Malt
Highland Park 12yo (reviews 2014-2017),8.41,$$$,SingleMalt-like,Scotland,Malt
Bowmore 17yo,8.4,$$$$$,SingleMalt-like,Scotland,Malt
Glenglassaugh Octaves Peated,8.39,$$$$,SingleMalt-like,Scotland,Malt
Wemyss Malts Peat Chimney,8.39,$$$,SingleMalt-like,Scotland,Malt
Benromach Sassicaia,8.38,$$$$,SingleMalt-like,Scotland,Malt
Bowmore 12yo,8.38,$$$,SingleMalt-like,Scotland,Malt
Oban Little Bay,8.38,$$$$,SingleMalt-like,Scotland,Malt
Bowmore No.1,8.37,$$$,SingleMalt-like,Scotland,Malt
Bowmore Gold Reef,8.34,$$,SingleMalt-like,Scotland,Malt
Glen Scotia 12yo,8.29,$$$$,SingleMalt-like,Scotland,Malt
Jura Superstition,8.28,$$$,SingleMalt-like,Scotland,Malt
Penderyn Peated,8.28,$$$$,SingleMalt-like,Wales,Malt
BenRiach Birnie Moss,8.26,$$$,SingleMalt-like,Scotland,Malt
Spirit of Hven Seven Stars No. 1 Dubhe,8.26,$$$$$,SingleMalt-like,Sweden,Malt
Springbank CV,8.26,$$$,SingleMalt-like,Scotland,Malt
Old Ballantruan Peated (Toumintoul),8.25,$$$$,SingleMalt-like,Scotland,Malt
Bowmore Small Batch,8.22,$$$,SingleMalt-like,Scotland,Malt
Bruichladdich 8yo Laddie Eight,8.21,$$$$,SingleMalt-like,Scotland,Malt
Connemara Peated Single Malt,8.21,$$$,SingleMalt-like,Ireland,Malt
St George's Chapter 9 (peated),8.2,$$$,SingleMalt-like,England,Malt
Highland Park Einar,8.18,$$$,SingleMalt-like,Scotland,Malt
Glenrothes Peated Cask Reserve,8.09,$$$,SingleMalt-like,Scotland,Malt
Jura 10yo Origin,8.05,$$$,SingleMalt-like,Scotland,Malt
Arran Malt Machrie Moor Peated (all editions),8.01,$$$$,SingleMalt-like,Scotland,Malt
Glenfiddich 12yo Caoran Reserve,7.83,$$$$$,SingleMalt-like,Scotland,Malt
Bowmore Legend,7.67,$$,SingleMalt-like,Scotland,Malt
Longrow 10yo Tokaji Finish,7.46,$$$$$,SingleMalt-like,Scotland,Malt
Brora 35yo,9.42,$$$$$+,SingleMalt-like,Scotland,Malt
Brora 30yo,9.34,$$$$$+,SingleMalt-like,Scotland,Malt
Ardbeg 23yo Twenty Something,9.29,$$$$$+,SingleMalt-like,Scotland,Malt
Ardbeg Uigeadail,9.17,$$$$,SingleMalt-like,Scotland,Malt
Lagavulin 16yo,9.17,$$$$,SingleMalt-like,Scotland,Malt
Laphroaig 21yo,9.17,$$$$$+,SingleMalt-like,Scotland,Malt
Ardbeg 21yo,9.13,$$$$$+,SingleMalt-like,Scotland,Malt
Lagavulin 12yo Cask Strength,9.11,$$$$$,SingleMalt-like,Scotland,Malt
Laphroaig Cairdeas 2015,9.11,$$$$,SingleMalt-like,Scotland,Malt
Compass Box No Name,9.1,$$$$$,SingleMalt-like,Scotland,Malt
Amrut Peated Single Malt Cask Strength,9.08,$$$$,SingleMalt-like,India,Malt
Kilchoman Original Cask Strength,9.08,$$$$,SingleMalt-like,Scotland,Malt
Ardbeg Supernova 2014,9.07,$$$$$+,SingleMalt-like,Scotland,Malt
Bruichladdich Octomore 6.2,9.07,$$$$$,SingleMalt-like,Scotland,Malt
Bruichladdich Octomore 8.3,9.07,$$$$$,SingleMalt-like,Scotland,Malt
Bruichladdich Octomore 8.2,9.05,$$$$$,SingleMalt-like,Scotland,Malt
Ardbeg Corryvreckan,9.04,$$$$,SingleMalt-like,Scotland,Malt
Bruichladdich Octomore 7.3,9.03,$$$$$,SingleMalt-like,Scotland,Malt
Lagavulin Distiller's Edition (All Vintages),9.03,$$$$$,SingleMalt-like,Scotland,Malt
Ardbeg Alligator,9.02,$$$$$+,SingleMalt-like,Scotland,Malt
Ardbeg Ardbog,9.02,$$$$$,SingleMalt-like,Scotland,Malt
Compass Box Peat Monster 2014 - 10th Anniversary,9.01,$$$,SingleMalt-like,Scotland,Malt
Longrow 18yo,9.01,$$$$$,SingleMalt-like,Scotland,Malt
Bruichladdich Octomore 10 (Second Edition),9,$$$$$,SingleMalt-like,Scotland,Malt
Kilchoman 2008 Vintage,9,$$$$,SingleMalt-like,Scotland,Malt
Laphroaig 18yo,9,$$$$$,SingleMalt-like,Scotland,Malt
Ardbeg Supernova 2015,8.99,$$$$$+,SingleMalt-like,Scotland,Malt
Bruichladdich Octomore 7.1,8.98,$$$$$,SingleMalt-like,Scotland,Malt
AnCnoc Cutter,8.97,$$$$,SingleMalt-like,Scotland,Malt
Kilchoman 2009 Vintage,8.96,$$$$,SingleMalt-like,Scotland,Malt
Laphroaig 10yo Cask Strength (all batches),8.96,$$$$,SingleMalt-like,Scotland,Malt
Ardbeg 17yo,8.95,$$$$$+,SingleMalt-like,Scotland,Malt
Ichiro's Malt Chichibu The Peated,8.95,$$$$$+,SingleMalt-like,Japan,Malt
Amrut Portpipe Peated Single Cask #2712 (2013),8.94,$$$$,SingleMalt-like,India,Malt
Kilchoman 2007 Vintage,8.94,$$$$,SingleMalt-like,Scotland,Malt
Laphroaig Cairdeas 2014 Amontillado,8.94,$$$$,SingleMalt-like,Scotland,Malt
Smogen Single Cask 4yo 7/2011,8.93,$$$$$,SingleMalt-like,Sweden,Malt
Box (High Coast) The Festival 2014,8.92,$$$$$,SingleMalt-like,Sweden,Malt
Compass Box Peat Monster 2008 Reserve Edition,8.91,$$$,SingleMalt-like,Scotland,Malt
Amrut 100 Peated,8.89,$$$$,SingleMalt-like,India,Malt
Ardbeg 10yo,8.89,$$$,SingleMalt-like,Scotland,Malt
AnCnoc Rutter,8.88,$$$$,SingleMalt-like,Scotland,Malt
Bruichladdich Octomore 10,8.88,$$$$$+,SingleMalt-like,Scotland,Malt
Smogen Single Cask (all editions),8.88,$$$$$,SingleMalt-like,Sweden,Malt
Ardbeg Dark Cove,8.87,$$$$$,SingleMalt-like,Scotland,Malt
Bruichladdich Octomore 8.1,8.87,$$$$$,SingleMalt-like,Scotland,Malt
Lagavulin 8yo,8.86,$$$$,SingleMalt-like,Scotland,Malt
Brora 21yo,8.85,$$$$$+,SingleMalt-like,Scotland,Malt
Compass Box Monster 2004,8.85,$$$,SingleMalt-like,Scotland,Malt
Compass Box Peat Monster 2015 Cask Strength,8.85,$$$$,SingleMalt-like,Scotland,Malt
Ardbeg Auriverdes,8.84,$$$$$,SingleMalt-like,Scotland,Malt
Bruichladdich Octomore 7.2,8.84,$$$$$,SingleMalt-like,Scotland,Malt
Laphroaig 10yo,8.84,$$$,SingleMalt-like,Scotland,Malt
Laphroaig An Cuan Mor,8.84,$$$$,SingleMalt-like,Scotland,Malt
Laphroaig Cairdeas 2016 Madeira,8.84,$$$$,SingleMalt-like,Scotland,Malt
Wemyss Malts Kiln Embers,8.83,$$$,SingleMalt-like,Scotland,Malt
Ardbeg An Oa,8.82,$$$$,SingleMalt-like,Scotland,Malt
Ardbeg Grooves,8.82,$$$$$,SingleMalt-like,Scotland,Malt
Laphroaig Cairdeas 2018 Fino,8.82,$$$$,SingleMalt-like,Scotland,Malt
Longrow CV,8.81,$$$,SingleMalt-like,Scotland,Malt
Ardbeg Kelpie,8.8,$$$$$,SingleMalt-like,Scotland,Malt
Ardbeg Perpetuum,8.8,$$$$$,SingleMalt-like,Scotland,Malt
Laphroaig 15yo (200th Anniversary),8.8,$$$$,SingleMalt-like,Scotland,Malt
BenRiach 18yo Dunder,8.79,$$$$$,SingleMalt-like,Scotland,Malt
Big Peat Christmas Edition (2012-2016),8.79,$$$$,SingleMalt-like,Scotland,Malt
Bunnahabhain Ceòbanach,8.78,$$$$,SingleMalt-like,Scotland,Malt
Longrow Peated,8.78,$$$,SingleMalt-like,Scotland,Malt
Bruichladdich Port Charlotte Islay Barley Heavily Peated,8.77,$$$$,SingleMalt-like,Scotland,Malt
Kilchoman Machir Bay (all vintages),8.77,$$$$,SingleMalt-like,Scotland,Malt
Bruichladdich Octomore 6.1,8.76,$$$$$,SingleMalt-like,Scotland,Malt
Bruichladdich Octomore 6.3,8.76,$$$$$,SingleMalt-like,Scotland,Malt
Compass Box Peat Monster (all editions),8.74,$$$,SingleMalt-like,Scotland,Malt
Connemara Turf Mor,8.74,$$$$,SingleMalt-like,Ireland,Malt
Amrut Portpipe Peated Single Cask #2713 (2013),8.73,$$$$,SingleMalt-like,India,Malt
Kilchoman Spring 2011 Release,8.72,$$$$,SingleMalt-like,Scotland,Malt
Kilchoman 100% Islay (all editions),8.71,$$$$,SingleMalt-like,Scotland,Malt
Amrut Portpipe Peated Single Cask (all casks),8.7,$$$$,SingleMalt-like,India,Malt
Compass Box Peat Monster 2012,8.7,$$$,SingleMalt-like,Scotland,Malt
Compass Box Peat Monster 2015,8.7,$$$,SingleMalt-like,Scotland,Malt
Compass Box Peat Monster 2005,8.69,$$$,SingleMalt-like,Scotland,Malt
Laphroaig Triple Wood,8.69,$$$$,SingleMalt-like,Scotland,Malt
Amrut Peated Single Malt,8.68,$$$$,SingleMalt-like,India,Malt
Caol Ila Distiller's Edition (all editions),8.68,$$$$,SingleMalt-like,Scotland,Malt
Smogen Single Cask 4yo 20/2011,8.68,$$$$$,SingleMalt-like,Sweden,Malt
Laphroaig Cairdeas 2017,8.67,$$$$,SingleMalt-like,Scotland,Malt
Ileach Peated Islay Cask Strength,8.65,$$$,SingleMalt-like,Scotland,Malt
Jura Prophecy,8.65,$$$$,SingleMalt-like,Scotland,Malt
Laphroaig Lore,8.62,$$$$$,SingleMalt-like,Scotland,Malt
Amrut Portpipe Peated Single Cask #2712 (2016),8.61,$$$$,SingleMalt-like,India,Malt
Bruichladdich Octomore 7.4,8.59,$$$$$,SingleMalt-like,Scotland,Malt
Bunnahabhain Toiteach,8.58,$$$$,SingleMalt-like,Scotland,Malt
AnCnoc Flaughter,8.57,$$$$,SingleMalt-like,Scotland,Malt
BenRiach 17yo Septendecim Peated,8.54,$$$$,SingleMalt-like,Scotland,Malt
Bruichladdich Octomore 9.1,8.54,$$$$$,SingleMalt-like,Scotland,Malt
Kilchoman Winter 2010 Release,8.51,$$$$,SingleMalt-like,Scotland,Malt
Bruichladdich Port Charlotte The Peat Project,8.49,$$$$,SingleMalt-like,Scotland,Malt
Compass Box Peat Monster 2010,8.47,$$$,SingleMalt-like,Scotland,Malt
Finlaggan Old Reserve,8.45,$$,SingleMalt-like,Scotland,Malt
Benromach Peat Smoke,8.43,$$$$,SingleMalt-like,Scotland,Malt
Ileach Peated Islay,8.37,$$,SingleMalt-like,Scotland,Malt
Bunnahabhain Cruach Mhona,8.32,$$$,SingleMalt-like,Scotland,Malt
Laphroaig Quarter Cask,8.31,$$$$,SingleMalt-like,Scotland,Malt
Santis Edition Dreifaltigkeit,8.03,$$$$,SingleMalt-like,Switzerland,Malt
Tomintoul Peaty Tang,7.88,$$,SingleMalt-like,Scotland,Malt
McClelland's Islay Single Malt,7.83,$$,SingleMalt-like,Scotland,Malt
Laphroaig QA Cask,7.27,$$$,SingleMalt-like,Scotland,Malt
Santis Edition Dreifaltigkeit / Cask Strength Peated,7.21,$$$$,SingleMalt-like,Switzerland,Malt
Santis Cask Strength Peated,6.44,$$$$,SingleMalt-like,Switzerland,Malt
Compass Box The General,9.18,$$$$$+,Scotch-like,Scotland,Blend
Black Bull 40yo,9.1,$$$$$+,Scotch-like,Scotland,Blend
Compass Box Hedonism Quindecimus,8.93,$$$$$,Scotch-like,Scotland,Blend
Compass Box The Circus,8.9,$$$$$,Scotch-like,Scotland,Blend
Chivas Regal Ultis,8.88,$$$$$,Scotch-like,Scotland,Blend
Powers 12yo John's Lane,8.82,$$$$,Scotch-like,Ireland,Blend
Yellow Spot 12yo,8.78,$$$$,Scotch-like,Ireland,Blend
Ballantine's 17yo,8.76,$$$$,Scotch-like,Scotland,Blend
Chivas Regal 25yo,8.73,$$$$$+,Scotch-like,Scotland,Blend
High West Campfire,8.73,$$$$,Scotch-like,USA,Blend
The Irishman Cask Strength,8.71,$$$$$,Scotch-like,Ireland,Blend
Grant's 18yo,8.67,$$$,Scotch-like,Scotland,Blend
Buchanan's 18yo Special Reserve Blended,8.66,$$$,Scotch-like,Scotland,Blend
Whyte & Mackay 30yo,8.66,$$$$$+,Scotch-like,Scotland,Blend
Jameson 18yo Limited Reserve,8.65,$$$$$,Scotch-like,Ireland,Blend
Hankey Bannister Heritage,8.63,$$,Scotch-like,Scotland,Blend
Johnnie Walker Blue Label,8.61,$$$$$,Scotch-like,Scotland,Blend
Powers 12yo Reserve,8.61,$$$,Scotch-like,Ireland,Blend
Black Bull 12yo,8.6,$$$,Scotch-like,Scotland,Blend
Buchanan's Red Seal Blended,8.58,$$$$$,Scotch-like,Scotland,Blend
Hankey Bannister 12yo Regency,8.58,$$,Scotch-like,Scotland,Blend
Compass Box Great King St Artist's Blend,8.55,$$,Scotch-like,Scotland,Blend
Johnnie Walker 15yo Green Label,8.55,$$$$,Scotch-like,Scotland,Blend
Hankey Bannister 21yo Partner's Reserve,8.54,$$$$,Scotch-like,Scotland,Blend
Jameson Round Irish Whiskey,8.54,$$$$,Scotch-like,Ireland,Blend
Nikka 12yo Premium Blended,8.54,$$$$,Scotch-like,Japan,Blend
Chivas Royal Salute 21yo,8.53,$$$$$,Scotch-like,Scotland,Blend
Compass Box Hedonism,8.52,$$$$,Scotch-like,Scotland,Blend
Teeling Single Grain (Wine Cask Finish),8.52,$$$,Scotch-like,Ireland,Grain
Compass Box Great King St Glasgow Blend,8.51,$$$,Scotch-like,Scotland,Blend
Ichiro's Malt & Grain,8.49,$$$$$,Scotch-like,Japan,Blend
Writers Tears Pot Still Irish Whiskey,8.49,$$,Scotch-like,Ireland,Blend
Jameson Cooper's Croze Irish Whiskey,8.48,$$$$,Scotch-like,Ireland,Blend
Powers Signature Release,8.48,$$$,Scotch-like,Ireland,Blend
Cutty Sark Prohibition,8.47,$$,Scotch-like,Scotland,Blend
Famous Grouse Gold Reserve 12yo,8.47,$$,Scotch-like,Scotland,Blend
Johnnie Walker Explorer’s Club The Gold Route,8.47,$$$$,Scotch-like,Scotland,Blend
Compass Box Delilah's,8.46,$$$$,Scotch-like,Scotland,Blend
Grant's 12yo,8.46,$$,Scotch-like,Scotland,Blend
Jameson Gold Reserve,8.46,$$$$,Scotch-like,Ireland,Blend
Nikka Coffey Grain,8.46,$$$$,Scotch-like,Japan,Grain
Jameson Blender's Dog Irish Whiskey,8.45,$$$$,Scotch-like,Ireland,Blend
Johnnie Walker Platinum Label,8.44,$$$$,Scotch-like,Scotland,Blend
Té Bheag,8.44,$$,Scotch-like,Scotland,Blend
Johnnie Walker Double Black,8.42,$$,Scotch-like,Scotland,Blend
Blandnoch Pure Scot,8.41,$$$,Scotch-like,Scotland,Blend
Three Ships 10yo,8.4,$$$$,Scotch-like,South Africa,Blend
Jameson Select Reserve (Black Barrel),8.39,$$,Scotch-like,Ireland,Blend
Johnnie Walker 10yo Rye Cask Finish,8.39,$$$,Scotch-like,Scotland,Blend
Kirin 50% Blend (Fuji Gotemba),8.39,$$$$,Scotch-like,Japan,Blend
Jameson 12yo Special Reserve,8.37,$$$$,Scotch-like,Ireland,Blend
Jameson Signature Reserve,8.37,$$,Scotch-like,Ireland,Blend
Johnnie Walker Explorer’s Club The Spice Road,8.37,$$,Scotch-like,Scotland,Blend
Johnnie Walker Explorer’s Club The Royal Route,8.34,$$$$$,Scotch-like,Scotland,Blend
Suntory The Chita Single Grain,8.34,$$$,Scotch-like,Japan,Blend
The Irishman Founder’s Reserve,8.34,$$,Scotch-like,Ireland,Blend
Suntory Old Whisky,8.32,$$$,Scotch-like,Japan,Blend
Bushmills Red Bush,8.3,$$,Scotch-like,Ireland,Blend
Johnnie Walker Gold Label Reserve,8.28,$$$$,Scotch-like,Scotland,Blend
Powers Three Swallow,8.28,$$$,Scotch-like,Ireland,Blend
Glendalough Double Barrel,8.27,$$,Scotch-like,Ireland,Grain
Jameson Bold Irish Whiskey,8.27,$$$$,Scotch-like,Ireland,Blend
Jameson Distiller's Safe Irish Whiskey,8.25,$$$$,Scotch-like,Ireland,Blend
Johnnie Walker 12yo Black Label,8.25,$$,Scotch-like,Scotland,Blend
Buchanan's Master Blended,8.22,$$$,Scotch-like,Scotland,Blend
Chivas Regal 18yo,8.22,$$$$,Scotch-like,Scotland,Blend
Compass Box Asyla,8.21,$$$,Scotch-like,Scotland,Blend
Jameson Crested Irish Whiskey,8.21,$$,Scotch-like,Ireland,Blend
Suntory Toki,8.18,$$$,Scotch-like,Japan,Blend
Black Bottle (pre-2013),8.17,$$,Scotch-like,Scotland,Blend
Jameson Caskmates Stout Edition,8.15,$$,Scotch-like,Ireland,Blend
Bain's Cape Mountain Whisky,8.13,$$,Scotch-like,South Africa,Grain
Kilbeggan 8yo Single Grain (Greenore),8.13,$$,Scotch-like,Ireland,Grain
The Irishman Original Clan Irish Whiskey,8.13,$$,Scotch-like,Ireland,Blend
Famous Jubilee,8.12,$$,Scotch-like,Scotland,Blend
Teeling Poitin,8.12,$$,Scotch-like,Ireland,Blend
Bank Note 5yo Blended Scotch,8.11,$,Scotch-like,Scotland,Blend
Buchanan's 12yo Deluxe Blended,8.07,$$,Scotch-like,Scotland,Blend
West Cork Original Bourbon Cask,8.07,$$,Scotch-like,Ireland,Blend
Tullamore Dew Special Reserve 12yo,8.05,$$$,Scotch-like,Ireland,Blend
Whyte & Mackay 13yo,8.05,$$$$,Scotch-like,Scotland,Blend
Yamazakura 16yo Blended Whisky,8.05,$$$$$,Scotch-like,Japan,Blend
Cutty Sark Storm,8.04,$,Scotch-like,Scotland,Blend
2 Gingers Irish Whiskey,8.03,$$,Scotch-like,Ireland,Blend
Powers Gold Label,8.03,$$,Scotch-like,Ireland,Blend
Three Ships 5yo,8.03,$,Scotch-like,South Africa,Blend
Black Bottle (after 2013 re-launch),8.01,$$,Scotch-like,Scotland,Blend
Kakubin (Suntory Whisky),8.01,$$,Scotch-like,Japan,Blend
Catto's Rare Old,8,$,Scotch-like,Scotland,Blend
Catto's 12yo,7.99,$$,Scotch-like,Scotland,Blend
Grant's Blended Sherry Cask,7.99,$,Scotch-like,Scotland,Blend
Dewar's 12yo,7.95,$$,Scotch-like,Scotland,Blend
Famous Grouse Smoky Black (Black Grouse),7.95,$$,Scotch-like,Scotland,Blend
Johnnie Walker White Walker (Game of Thrones),7.91,$$,Scotch-like,Scotland,Blend
Islay Mist 8yo,7.89,$,Scotch-like,Scotland,Blend
John Barr Reserve (Black Label),7.89,$,Scotch-like,Scotland,Blend
Jameson Lively Irish Whiskey,7.88,$$$$,Scotch-like,Ireland,Blend
Hankey Bannister Original,7.87,$,Scotch-like,Scotland,Blend
Johnnie Walker Explorer’s Club The Adventurer,7.87,$$,Scotch-like,Scotland,Blend
Grand Macnish,7.86,$,Scotch-like,Scotland,Blend
Highland Queen,7.86,$,Scotch-like,,
Teacher's Highland Cream,7.86,$,Scotch-like,Scotland,Blend
Tullamore Dew Original Blended,7.86,$$,Scotch-like,Ireland,Blend
Jameson Irish Whiskey,7.81,$$,Scotch-like,Ireland,Blend
Chivas Regal 12yo,7.78,$$,Scotch-like,Scotland,Blend
Bushmills Original Blended,7.7,$$,Scotch-like,Ireland,Blend
Grant's Family Reserve Blended,7.7,$,Scotch-like,Scotland,Blend
The Quiet Man Traditional Irish Whiskey,7.67,$$,Scotch-like,Ireland,Blend
Famous Grouse,7.65,$,Scotch-like,Scotland,Blend
Whyte & Mackay Special Blended,7.65,$,Scotch-like,Scotland,Blend
Mackmyra Vit Hund,7.62,$$$,Scotch-like,Sweden,Malt
Ballantine's Finest,7.6,$,Scotch-like,Scotland,Blend
Dewar's White Label,7.59,$$,Scotch-like,Scotland,Blend
Compass Box Orangerie,7.58,$$,Scotch-like,Scotland,Blend
White Oak Akashi Blended,7.58,$$$,Scotch-like,Japan,Blend
Bell's Original Scotch Whisky,7.56,$,Scotch-like,Scotland,Blend
Cutty Sark,7.52,$,Scotch-like,Scotland,Blend
Johnnie Walker Red Label,7.42,$,Scotch-like,Scotland,Blend
P&M Blended Whisky,7.31,$,Scotch-like,France,Blend
Passport Blended Scotch,7.29,$,Scotch-like,Scotland,Blend
Whyte & Mackay Blended Triple Matured,7.29,$,Scotch-like,Scotland,Blend
J&B Rare,6.94,$,Scotch-like,Scotland,Blend
Yamazakura Blended Whisky,6.67,$$$,Scotch-like,Japan,Blend
Booker's Rye,9.27,$$$$$+,Rye-like,USA,Rye
Lot 40 Cask Strength 11 Year Old (2018),9.18,$$$$,Rye-like,Canada,Rye
Lot 40 Cask Strength (Single Cask),9.17,$$$$,Rye-like,Canada,Rye
High West Rocky Mountain Rye 21yo,9.15,$$$$$+,Rye-like,USA,Rye
Canadian Club 41yo Chronicles,9.13,$$$$$,Rye-like,Canada,Blend
Thomas H. Handy Sazerac,9.13,$$$$$+,Rye-like,USA,Rye
High West Rocky Mountain Rye 16yo,9.1,$$$$$,Rye-like,USA,Rye
J.P. Wiser’s 35yo (2018),9.08,$$$$$,Rye-like,Canada,Rye
Lot 40 Cask Strength 12 Year Old (2017),9.08,$$$$,Rye-like,Canada,Rye
Smooth Ambler Old Scout Single Barrel Rye,9.07,$$$$,Rye-like,USA,Rye
Van Winkle Family Reserve Rye 13yo,9.06,$$$$$+,Rye-like,USA,Rye
High West Midwinter Night’s Dram Rye,9.05,$$$$$,Rye-like,USA,Rye
J.P. Wiser’s 35yo (2017),9.04,$$$$$,Rye-like,Canada,Rye
J.P. Wiser's Dissertation,9,$$$,Rye-like,Canada,Blend
Canadian Club 30yo,8.98,$$$$$,Rye-like,Canada,Blend
Canadian Rockies 21yo (46%),8.97,$$$$,Rye-like,Canada,Blend
J.P. Wiser's Legacy,8.97,$$,Rye-like,Canada,Blend
Canadian Club 40yo,8.96,$$$$$,Rye-like,Canada,Blend
Gibson's Finest Rare 18yo,8.94,$$$$,Rye-like,Canada,Blend
Michter's Barrel Strength Rye,8.92,$$$$,Rye-like,USA,Rye
Sazerac 18yo,8.92,$$$$$+,Rye-like,USA,Rye
High West Rendezvous Rye,8.91,$$$$,Rye-like,USA,Rye
Willett Family Estate 6yo Rye,8.9,$$$$,Rye-like,USA,Rye
Forty Creek Unity,8.89,$$$,Rye-like,Canada,Blend
Willett Family Estate 7yo Rye,8.87,$$$$,Rye-like,USA,Rye
Amrut Rye,8.86,$$$$,Rye-like,India,Rye
J.P. Wiser's Union 52,8.86,$$$,Rye-like,Canada,Blend
Lot 40,8.86,$$,Rye-like,Canada,Rye
Willett Family Estate 4yo Rye,8.86,$$$,Rye-like,USA,Rye
Masterson's Straight Rye 10yo,8.84,$$$$,Rye-like,Canada,Rye
Whistlepig The Boss Hog,8.84,$$$$$,Rye-like,Canada,Blend
"Forty Creek Confederation Oak (Batch A, B)",8.82,$$$,Rye-like,Canada,Blend
Michter's 10yo Single Barrel Rye,8.8,$$$$$+,Rye-like,USA,Rye
Pikesville Straight Rye,8.78,$$$$,Rye-like,USA,Rye
Whistlepig 10yo,8.78,$$$$,Rye-like,Canada,Blend
Willett Family Estate 25yo Rye,8.78,$$$$$+,Rye-like,USA,Rye
High West Double Rye Manhattan Barrel,8.77,$$$,Rye-like,USA,Rye
J.P. Wiser’s Red Letter,8.77,$$$$,Rye-like,Canada,Blend
Forty Creek Port Wood Reserve 2011/2012,8.76,$$$$,Rye-like,Canada,Blend
High West Bourye,8.76,$$$$,Rye-like,USA,Blend
Crown Royal Hand Selected Barrel,8.75,$$$,Rye-like,Canada,Blend
Forty Creek Heart of Gold,8.75,$$$$,Rye-like,Canada,Blend
Forty Creek Confederation Oak (All Batches),8.74,$$$,Rye-like,Canada,Blend
Gooderham & Worts Eleven Souls Four Grain (2018),8.74,$$$$,Rye-like,Canada,Blend
J.P. Wiser's Seasoned Oak,8.74,$$$$,Rye-like,Canada,Blend
Willett Family Estate Rye (all ages),8.74,$$$$,Rye-like,USA,Rye
Highwood Ninety Rye 20yo,8.73,$$,Rye-like,Canada,Blend
Gooderham & Worts 17yo Little Trinity Three Grain (2017),8.72,$$$$,Rye-like,Canada,Blend
Jack Daniel's Single Barrel Rye,8.72,$$$,Rye-like,USA,Rye
"Forty Creek Confederation Oak (Batch C, D)",8.7,$$$,Rye-like,Canada,Blend
High West Double Rye,8.7,$$,Rye-like,USA,Rye
Millstone 100 Rye,8.7,$$$$,Rye-like,Netherlands,Rye
Century Reserve 21yo,8.69,$$,Rye-like,Canada,Blend
Colonel E.H. Taylor Straight Rye,8.69,$$$$,Rye-like,USA,Rye
Russell's Reserve 6yo Rye,8.69,$$$,Rye-like,USA,Rye
Willett Family Estate 3yo Rye,8.69,$$$,Rye-like,USA,Rye
Forty Creek Double Barrel Reserve,8.68,$$$,Rye-like,Canada,Blend
Crown Royal Noble Collection Wine Barrel Finished,8.67,$$$,Rye-like,Canada,Blend
Willett Family Estate 5yo Rye,8.67,$$$$,Rye-like,USA,Rye
Angel’s Envy Rye (Rum-finished),8.66,$$$$,Rye-like,USA,Rye
Pike Creek 21yo Double Barrel Speyside Cask Finish (2017),8.65,$$$$,Rye-like,Canada,Blend
FEW Rye Whisky,8.63,$$$$,Rye-like,USA,Rye
Forty Creek Copper Pot Reserve,8.62,$,Rye-like,Canada,Blend
Forty Creek Evolution,8.62,$$$,Rye-like,Canada,Blend
Crown Royal Monarch 75th Anniversary,8.61,$$$,Rye-like,Canada,Blend
Gooderham & Worts Four Grain,8.61,$$,Rye-like,Canada,Blend
Michter's Single Barrel Straight Rye,8.61,$$$,Rye-like,USA,Rye
Smooth Ambler Old Scout 7yo Rye,8.61,$$$,Rye-like,USA,Rye
Canadian Club 20yo,8.6,$$$,Rye-like,Canada,Blend
Masterson's Straight Wheat 12yo,8.6,$$$$,Rye-like,Canada,Wheat
Alberta Premium Dark Horse,8.59,$,Rye-like,Canada,Blend
Crown Royal Blender's Select,8.59,$$,Rye-like,Canada,Blend
Jefferson's Straight Rye 10yo,8.59,$$$,Rye-like,USA,Rye
Rittenhouse Rye 100 Proof,8.58,$$,Rye-like,USA,Rye
Alberta Rye Dark Batch,8.57,$$,Rye-like,Canada,Blend
High West Double Rye Campfire Barrel,8.56,$$$,Rye-like,USA,Rye
J.P. Wiser's Triple Barrel Rye,8.56,$,Rye-like,Canada,Blend
Masterson's Straight Barley 10yo,8.56,$$$$,Rye-like,Canada,Barley
Caribou Crossing Single Barrel,8.55,$$$$,Rye-like,Canada,Blend
J.P. Wiser’s 18yo,8.55,$$$,Rye-like,Canada,Blend
Collingwood 21yo,8.54,$$$,Rye-like,Canada,Blend
Crown Royal Northern Harvest Rye,8.54,$$,Rye-like,Canada,Blend
Crown Royal XO,8.54,$$$,Rye-like,Canada,Blend
J.P. Wiser’s Canada 2018,8.54,$$,Rye-like,Canada,Rye
Sazerac Straight Rye,8.54,$$,Rye-like,USA,Rye
Stalk & Barrel Rye,8.53,$$$,Rye-like,Canada,Blend
Knob Creek Small Batch Straight Rye Whiskey,8.51,$$$,Rye-like,USA,Rye
Forty Creek Heritage 2017,8.5,$$$,Rye-like,Canada,Blend
J.P. Wiser’s One Fifty,8.5,$$,Rye-like,Canada,Blend
J.P. Wiser's Small Batch,8.5,$,Rye-like,Canada,Blend
"Forty Creek Confederation Oak (Batch E, F)",8.49,$$$,Rye-like,Canada,Blend
Wild Turkey 101 Rye,8.49,$$,Rye-like,USA,Rye
Danfield's 21yo,8.48,$$,Rye-like,Canada,Blend
Pike Creek 21yo Double Barrel European Oak Cask (2018),8.48,$$$$,Rye-like,Canada,Blend
Willett Family Estate 2yo Rye,8.48,$$$,Rye-like,USA,Rye
High West Yippee Ki-Yay,8.47,$$$$,Rye-like,USA,Rye
Jim Beam Pre-Prohibition Rye,8.45,$,Rye-like,USA,Rye
Pike Creek 10yo Rum-finished,8.45,$$,Rye-like,Canada,Blend
Crown Royal Reserve,8.44,$$$,Rye-like,Canada,Blend
Forty Creek Founder's Reserve,8.44,$$$,Rye-like,Canada,Blend
George Dickel Rye,8.44,$$,Rye-like,USA,Rye
Prichard’s Rye,8.44,$$$$,Rye-like,USA,Rye
High West Son of Bourye,8.43,$$$,Rye-like,USA,Blend
Forty Creek Barrel Select,8.42,$,Rye-like,Canada,Blend
J.P. Wiser’s 15yo,8.4,$$$,Rye-like,Canada,Blend
Stalk & Barrel Rye (Cask Strength),8.39,$$$,Rye-like,Canada,Blend
Potter's Special Old,8.37,$,Rye-like,Canada,Blend
Canadian Club Reserve 10yo,8.35,$$,Rye-like,Canada,Blend
Crown Royal Noble Collection Cornerstone Blend,8.35,$$$,Rye-like,Canada,Blend
Pike Creek 10yo Port-finished,8.34,$$,Rye-like,Canada,Blend
Woodford Reserve Straight Rye,8.34,$$,Rye-like,USA,Rye
Centennial 10yo,8.33,$,Rye-like,Canada,Blend
J.P. Wiser's Double Still Rye,8.32,$,Rye-like,Canada,Blend
Stalk & Barrel Red Blend,8.32,$$,Rye-like,Canada,Blend
Forty Creek Three Grain Harmony,8.31,$$$,Rye-like,Canada,Blend
Bulleit Rye,8.3,$$,Rye-like,USA,Rye
Jack Daniel's Rested Tennessee Rye (Batch 1/2),8.3,$$$,Rye-like,USA,Rye
Yellow Rose Straight Rye,8.29,$$$,Rye-like,USA,Rye
Crown Royal Limited Edition,8.27,$$,Rye-like,Canada,Blend
Willett Family Estate Rye XCF 1.0,8.27,$$$$$,Rye-like,USA,Rye
Canadian Club 100% Rye,8.26,$,Rye-like,Canada,Rye
Alberta Springs 10yo,8.25,$,Rye-like,Canada,Blend
66 Gilead Crimson Rye,8.23,$$,Rye-like,Canada,Blend
Pendleton 1910,8.23,$$,Rye-like,Canada,Blend
Crown Royal Black,8.19,$$,Rye-like,Canada,Blend
Gibson's Bold 8yo,8.19,$,Rye-like,Canada,Blend
Stalk & Barrel 11+1 Canadian whisky,8.18,$$,Rye-like,Canada,Blend
Canadian Club Sherry Cask,8.17,$$,Rye-like,Canada,Blend
Alberta Premium,8.15,$,Rye-like,Canada,Blend
Canadian Club Classic 12yo (Small Batch),8.14,$,Rye-like,Canada,Blend
Hiram Walker Special Old Rye,8.12,$,Rye-like,Canada,Blend
Koval Single Barrel Rye,8.1,$$$,Rye-like,USA,Rye
Crown Royal Bourbon Mash (Blender's Mash),8.09,$$,Rye-like,Canada,Blend
Century Reserve Lot 15/25,8.07,$,Rye-like,Canada,Blend
J.P. Wiser's Hopped,8.06,$,Rye-like,Canada,Blend
Canada Gold,8.05,$,Rye-like,Canada,Blend
Royal Canadian Small Batch,8.05,$$,Rye-like,Canada,Blend
Coyote Ugly,8.04,$,Rye-like,Canada,Blend
Canadian Mist Black Diamond,8.03,$,Rye-like,Canada,Blend
Collingwood,8.03,$$,Rye-like,Canada,Blend
Wild Turkey 81 Rye,8.03,$$,Rye-like,USA,Rye
Ezra Brooks Rye,8.01,$,Rye-like,USA,Rye
Gibson's Finest Sterling,8,$,Rye-like,Canada,Blend
J.P. Wiser's Deluxe,7.99,$,Rye-like,Canada,Blend
Canadian Club Reserve 9yo,7.97,$,Rye-like,Canada,Blend
Jim Beam Rye,7.97,$,Rye-like,USA,Rye
Twelve Barrels,7.97,$$,Rye-like,Canada,Blend
Pendleton (Let'er Buck),7.96,$$,Rye-like,Canada,Blend
Templeton Rye,7.96,$$$,Rye-like,USA,Rye
Highwood Ninety 5yo,7.95,$,Rye-like,Canada,Blend
J.P. Wiser’s Rye,7.95,$,Rye-like,Canada,Blend
Wayne Gretzky No. 99 Red Cask,7.91,$$,Rye-like,Canada,Blend
Stalk & Barrel Blue Blend,7.9,$$,Rye-like,Canada,Blend
Gibson's Finest 12yo,7.84,$,Rye-like,Canada,Blend
Schenley Golden Wedding,7.79,$,Rye-like,Canada,Blend
Rich and Rare,7.75,$,Rye-like,Canada,Blend
Rich and Rare Reserve,7.73,$,Rye-like,Canada,Blend
Black Velvet 3yo,7.71,$,Rye-like,Canada,Blend
Old Overholt,7.71,$,Rye-like,USA,Rye
Seagram's VO,7.7,$,Rye-like,Canada,Blend
Silk Tassel,7.67,$,Rye-like,Canada,Blend
Canadian Mist,7.58,$,Rye-like,Canada,Blend
Crown Royal,7.56,$,Rye-like,Canada,Blend
8 Seconds,7.54,$$,Rye-like,Canada,Blend
J.P. Wiser's Special Blend,7.37,$,Rye-like,Canada,Blend
Canadian Club (Premium),7.33,$,Rye-like,Canada,Blend
Seagram's Canadian 83,7.33,$,Rye-like,Canada,Blend
Black Velvet Reserve 8yo,7.19,$,Rye-like,Canada,Blend
Proof Whisky,7.19,$$,Rye-like,Canada,Blend
Black Velvet Deluxe,7.1,$,Rye-like,Canada,Blend
Ellington Reserve 8yo,6.89,$,Rye-like,Canada,Blend
Parker’s Heritage 2nd 27yo Kentucky Straight Boubon,9.28,$$$$$+,Bourbon-like,USA,Bourbon
Willett Family Estate 22yo Bourbon,9.28,$$$$$+,Bourbon-like,USA,Bourbon
Pappy Van Winkle Family Reserve Bourbon 15yo,9.23,$$$$$+,Bourbon-like,USA,Bourbon
Pappy Van Winkle Family Reserve Bourbon 20yo,9.23,$$$$$+,Bourbon-like,USA,Bourbon
William Larue Weller,9.21,$$$$$+,Bourbon-like,USA,Bourbon
Parker’s Heritage 7th 10yo Promise of Hope,9.2,$$$$$+,Bourbon-like,USA,Bourbon
George T Stagg,9.17,$$$$$+,Bourbon-like,USA,Bourbon
Willett Family Estate 24yo Bourbon,9.17,$$$$$+,Bourbon-like,USA,Bourbon
Elijah Craig 21yo,9.16,$$$$$+,Bourbon-like,USA,Bourbon
Wild Turkey 15yo American Spirit,9.13,$$$$$+,Bourbon-like,USA,Bourbon
Stagg Jr batch 9 (131.9 proof),9.12,$$$$,Bourbon-like,USA,Bourbon
Parker’s Heritage 4th 10yo Wheated Mash Bill Bourbon,9.08,$$$$$+,Bourbon-like,USA,Bourbon
Parker’s Heritage 5th 10yo Cognac Barrel Finished,9.07,$$$$$+,Bourbon-like,USA,Bourbon
"Buffalo Trace Experimental Collection 12yo floor #5 (rye, 2014)",9.06,$$$$$,Bourbon-like,USA,Bourbon
Four Roses Small Batch Limited Edition,9.05,$$$$$+,Bourbon-like,USA,Bourbon
Michter's 20yo Single Barrel Bourbon,9.05,$$$$$+,Bourbon-like,USA,Bourbon
Parker’s Heritage 6th Blend of Mashbills,9.04,$$$$$+,Bourbon-like,USA,Bourbon
Parker’s Heritage 11th 2017 11yo,9.03,$$$$$,Bourbon-like,USA,Bourbon
Wild Turkey Master's Keep Decades,9.03,$$$$$,Bourbon-like,USA,Bourbon
Willett Family Estate 8yo Bourbon,9.02,$$$$,Bourbon-like,USA,Bourbon
William Heavenhill BiB,8.99,$$$$$+,Bourbon-like,USA,Bourbon
Willett Family Estate Bourbon (all ages),8.98,$$$$,Bourbon-like,USA,Bourbon
Wild Turkey Master's Keep Revival,8.97,$$$$$,Bourbon-like,USA,Bourbon
Colonel E.H. Taylor Four Grain,8.96,$$$$,Bourbon-like,USA,Bourbon
Blanton's Straight from the Barrel Bourbon,8.93,$$$$,Bourbon-like,USA,Bourbon
Stagg Jr batch 4 (132.2 proof),8.93,$$$$,Bourbon-like,USA,Bourbon
Willett Family Estate 7yo Bourbon,8.93,$$$$,Bourbon-like,USA,Bourbon
Willett Family Estate 17yo Bourbon,8.91,$$$$$+,Bourbon-like,USA,Bourbon
Heaven Hill Select Stock Barrel,8.9,$$$$$,Bourbon-like,USA,Bourbon
Jack Daniel's 150th Anniversary,8.89,$$$,Bourbon-like,USA,Bourbon
Stagg Jr (batches 3+),8.89,$$$$,Bourbon-like,USA,Bourbon
Elijah Craig Barrel Proof,8.88,$$$$,Bourbon-like,USA,Bourbon
Old Rip Van Winkle 10yo,8.88,$$$$$+,Bourbon-like,USA,Bourbon
Stagg Jr batch 5 (129.7 proof),8.88,$$$$,Bourbon-like,USA,Bourbon
Willett Family Estate 11yo Bourbon,8.87,$$$$$+,Bourbon-like,USA,Bourbon
Colonel EH Taylor Barrel Proof,8.86,$$$$,Bourbon-like,USA,Bourbon
Colonel EH Taylor Single Barrel,8.86,$$$$,Bourbon-like,USA,Bourbon
Wild Turkey 17yo Master's Keep,8.86,$$$$$,Bourbon-like,USA,Bourbon
Angel's Envy Cask Strength,8.85,$$$$$+,Bourbon-like,USA,Bourbon
Eagle Rare 17yo,8.85,$$$$$+,Bourbon-like,USA,Bourbon
Wild Turkey Kentucky Spirit Single Barrel,8.85,$$$,Bourbon-like,USA,Bourbon
Michter's 10yo Single Barrel Bourbon,8.84,$$$$$+,Bourbon-like,USA,Bourbon
Willett Family Estate 14yo Bourbon,8.84,$$$$$+,Bourbon-like,USA,Bourbon
J.P. Wiser's Last Barrels,8.83,$$$,Bourbon-like,Canada,Blend
W.L. Weller 12yo,8.83,$$$$$,Bourbon-like,USA,Bourbon
Willett Family Estate 5yo Bourbon,8.83,$$$,Bourbon-like,USA,Bourbon
Booker's Small Batch Straight Bourbon,8.82,$$$,Bourbon-like,USA,Bourbon
Jefferson's 18yo Presidential Select,8.82,$$$$$+,Bourbon-like,USA,Bourbon
Old Forester 1920 Prohibition Style,8.81,$$$$,Bourbon-like,USA,Bourbon
Smooth Ambler Old Scout Single Barrel Bourbon,8.81,$$$$,Bourbon-like,USA,Bourbon
Willett Family Estate 13yo Bourbon,8.81,$$$$$+,Bourbon-like,USA,Bourbon
Pappy Van Winkle Family Reserve Bourbon 23yo,8.8,$$$$$+,Bourbon-like,USA,Bourbon
Russell's Reserve Single Barrel,8.8,$$$$,Bourbon-like,USA,Bourbon
Stagg Jr batch 3 (132.1 proof),8.8,$$$$,Bourbon-like,USA,Bourbon
Wild Turkey 14yo Tradition,8.79,$$$$$,Bourbon-like,USA,Bourbon
Parker’s Heritage 8th 13yo Wheat Whiskey,8.78,$$$$$+,Bourbon-like,USA,Bourbon
Wild Turkey Diamond Anniversary,8.78,$$$$$,Bourbon-like,USA,Bourbon
Old Forester Birthday (2012-2016),8.77,$$$$$,Bourbon-like,USA,Bourbon
Baker’s Kentucky Straight Bourbon 7yo,8.76,$$$,Bourbon-like,USA,Bourbon
Knob Creek Single Barrel Reserve Bourbon,8.75,$$$,Bourbon-like,USA,Bourbon
Blanton's Gold Kentucky Straight Bourbon,8.74,$$$$,Bourbon-like,USA,Bourbon
Jefferson's Ocean Aged at Sea,8.74,$$$$,Bourbon-like,USA,Bourbon
Henry McKenna 10yo Single Barrel BiB,8.73,$$,Bourbon-like,USA,Bourbon
Orphan Barrel Barterhouse Bourbon 20yo,8.73,$$$$$,Bourbon-like,USA,Bourbon
Elmer T. Lee Single Barrel Bourbon,8.72,$$$,Bourbon-like,USA,Bourbon
Yellowstone 2016 Limited Edition,8.72,$$$$$,Bourbon-like,USA,Bourbon
Four Roses Single Barrel Bourbon,8.71,$$$,Bourbon-like,USA,Bourbon
Maker's Mark Cask Strength,8.71,$$$$,Bourbon-like,USA,Bourbon
Old Grand-Dad Bourbon 114,8.71,$$,Bourbon-like,USA,Bourbon
Wild Turkey Rare Breed,8.71,$$$,Bourbon-like,USA,Bourbon
Barton 1792 Full Proof Bourbon,8.7,$$$,Bourbon-like,USA,Bourbon
Elijah Craig 18yo,8.7,$$$$$,Bourbon-like,USA,Bourbon
Old Weller Antique 107,8.69,$$,Bourbon-like,USA,Bourbon
Woodford Reserve Double Oaked,8.69,$$$$,Bourbon-like,USA,Bourbon
Barton 1792 High Rye Bourbon,8.67,$$$,Bourbon-like,USA,Bourbon
Elijah Craig 12yo,8.67,$$,Bourbon-like,USA,Bourbon
Evan Williams Single Barrel,8.67,$$,Bourbon-like,USA,Bourbon
Stagg Jr batch 7 (129.5 proof),8.67,$$$$,Bourbon-like,USA,Bourbon
Barton 1792 Sweet Wheat Bourbon,8.65,$$$$,Bourbon-like,USA,Bourbon
Blanton's Original Bourbon Single Barrel,8.65,$$$,Bourbon-like,USA,Bourbon
"Buffalo Trace Experimental Collection 12yo floor #1 (rye, 2014)",8.65,$$$$$,Bourbon-like,USA,Bourbon
Maker's Mark 46,8.65,$$$,Bourbon-like,USA,Bourbon
Van Winkle Special Reserve 12yo Lot B,8.65,$$$$$+,Bourbon-like,USA,Bourbon
"Buffalo Trace Experimental Collection 12yo floor #1 (wheat, 2015)",8.62,$$$$$,Bourbon-like,USA,Bourbon
Willett Pot Still Reserve,8.62,$$$,Bourbon-like,USA,Bourbon
Barton 1792 Single Barrel Bourbon,8.61,$$$,Bourbon-like,USA,Bourbon
Colonel EH Taylor Small Batch (BiB),8.61,$$$$,Bourbon-like,USA,Bourbon
Yellowstone Limited Edition (all vintages),8.61,$$$$$,Bourbon-like,USA,Bourbon
Eagle Rare 10yo,8.6,$$,Bourbon-like,USA,Bourbon
Stranahan's Colorado Whiskey,8.6,$$$$,Bourbon-like,USA,Bourbon
Jim Beam Single Barrel,8.59,$$,Bourbon-like,USA,Bourbon
Knob Creek Small Batch 9yo Bourbon,8.59,$$,Bourbon-like,USA,Bourbon
Corner Creek Reserve Bourbon,8.58,$$,Bourbon-like,USA,Bourbon
Jack Daniel's Master Distiller (all series),8.58,$$,Bourbon-like,USA,Bourbon
Orphan Barrel Entrapment Canadian 25yo,8.58,$$$$$,Bourbon-like,Canada,Blend
Parker’s Heritage 9th 8yo Malt Whiskey,8.58,$$$$$,Bourbon-like,USA,Bourbon
Ezra Brooks 7yo Old Ezra 101,8.56,$$,Bourbon-like,USA,Bourbon
Jefferson's Reserve Very Old Kentucky Straight Bourbon,8.56,$$$,Bourbon-like,USA,Bourbon
Stagg Jr (all batches),8.56,$$$$,Bourbon-like,USA,Bourbon
Buffalo Trace Bourbon,8.55,$$,Bourbon-like,USA,Bourbon
Bulleit Bourbon Barrel Strength,8.55,$$$$,Bourbon-like,USA,Bourbon
Koval Single Barrel Four Grain,8.55,$$$$,Bourbon-like,USA,Grain
Russell's Reserve Small Batch 10yo Bourbon,8.55,$$,Bourbon-like,USA,Bourbon
Old Forester Statesman,8.53,$$$,Bourbon-like,USA,Bourbon
Barton 1792 Port Finished Bourbon,8.52,$$$,Bourbon-like,USA,Bourbon
Barton 1792 Small Batch Bourbon,8.52,$$,Bourbon-like,USA,Bourbon
Ancient Age 10yo Kentucky Straight Bourbon,8.51,$,Bourbon-like,USA,Bourbon
Four Roses Small Batch Bourbon,8.51,$$,Bourbon-like,USA,Bourbon
Koval Single Barrel Bourbon,8.51,$$$,Bourbon-like,USA,Bourbon
Willett Family Estate 9yo Bourbon,8.51,$$$$,Bourbon-like,USA,Bourbon
Bulleit 10yo,8.5,$$$,Bourbon-like,USA,Bourbon
Jim Beam 12yo Signature Craft,8.5,$$,Bourbon-like,USA,Bourbon
Jack Daniel's Single Barrel,8.49,$$$,Bourbon-like,USA,Bourbon
Wild Turkey Longbranch,8.49,$$$,Bourbon-like,USA,Bourbon
Jim Beam Distillers Masterpiece PX Sherry Cask Finish,8.48,$$$$$,Bourbon-like,USA,Bourbon
Jim Beam Bonded,8.47,$$,Bourbon-like,USA,Bourbon
Smooth Ambler Old Scout 7yo Bourbon,8.47,$$$,Bourbon-like,USA,Bourbon
Angel's Envy Bourbon (Port-finished),8.45,$$$,Bourbon-like,USA,Bourbon
Bernheim Original Straight Wheat 7yo Small Batch,8.45,$$,Bourbon-like,USA,Wheat
Michter's Small Batch US*1 Bourbon,8.45,$$$,Bourbon-like,USA,Bourbon
Wild Turkey Forgiven,8.45,$$$,Bourbon-like,USA,Bourbon
Smooth Ambler Contradiction Bourbon,8.44,$$$$,Bourbon-like,USA,Bourbon
Elijah Craig Small Batch (NAS),8.43,$$,Bourbon-like,USA,Bourbon
Wild Turkey 101 Bourbon,8.43,$$,Bourbon-like,USA,Bourbon
Michter's Toasted Barrel,8.41,$$$$,Bourbon-like,USA,Bourbon
Stagg Jr batch 1 (134.4 proof),8.41,$$$$,Bourbon-like,USA,Bourbon
FEW Bourbon,8.39,$$$,Bourbon-like,USA,Bourbon
Heaven Hill 6yo BiB,8.39,$,Bourbon-like,USA,Bourbon
Jefferson's Ocean,8.39,$$,Bourbon-like,USA,Bourbon
Old Grand-Dad Bourbon 100 BiB,8.39,$$,Bourbon-like,USA,Bourbon
Parker’s Heritage 10th 24yo Kentucky Straight Bourbon,8.39,$$$$$+,Bourbon-like,USA,Bourbon
Old Forester Signature (100 Proof),8.38,$$,Bourbon-like,USA,Bourbon
Smooth Ambler Old Scout 10yo Bourbon,8.38,$$$$,Bourbon-like,USA,Bourbon
Very Old Barton 6yo BiB,8.38,$$,Bourbon-like,USA,Bourbon
Bulleit Bourbon,8.37,$$,Bourbon-like,USA,Bourbon
Old Fitzgerald Kentucky Straight Bourbon,8.37,$$,Bourbon-like,USA,Bourbon
Stagg Jr (batches 1-2),8.37,$$$$,Bourbon-like,USA,Bourbon
W.L. Weller Special Reserve,8.36,$,Bourbon-like,USA,Bourbon
Woodford Reserve Distiller's Select,8.36,$$,Bourbon-like,USA,Bourbon
Evan Williams Bottled in Bond (White label),8.34,$,Bourbon-like,USA,Bourbon
Yellowstone 2015 Limited Edition,8.34,$$$$$,Bourbon-like,USA,Bourbon
Larceny Small Batch Bourbon,8.33,$$,Bourbon-like,USA,Bourbon
Old Forester 1870 Original Batch,8.32,$$$,Bourbon-like,USA,Bourbon
Balcones Baby Blue,8.31,$$$$,Bourbon-like,USA,Whiskey
High West American Prairie,8.3,$$$,Bourbon-like,USA,Bourbon
Jim Beam Double Oak,8.3,$$,Bourbon-like,USA,Bourbon
Basil Hayden’s Kentucky Bourbon,8.29,$$$,Bourbon-like,USA,Bourbon
Blanton's Special Reserve Single Barrel (Green label),8.29,$$$,Bourbon-like,USA,Bourbon
Michter's Sour Mash,8.28,$$$,Bourbon-like,USA,Bourbon
Very Old Barton 6yo,8.28,$,Bourbon-like,USA,Bourbon
Old Forester 1897 BiB,8.27,$$$,Bourbon-like,USA,Bourbon
George Dickel No.12,8.24,$$,Bourbon-like,USA,Bourbon
Jim Beam Black Label,8.23,$,Bourbon-like,USA,Bourbon
Four Roses (Yellow Label),8.22,$,Bourbon-like,USA,Bourbon
Evan Williams 1783 Small Batch,8.21,$,Bourbon-like,USA,Bourbon
Maker's Mark,8.21,$$,Bourbon-like,USA,Bourbon
Evan Williams (Black Label),8.19,$,Bourbon-like,USA,Bourbon
Koval Single Barrel Millet Whiskey,8.18,$$$,Bourbon-like,USA,Grain
Heaven Hill Trybox Series New Make,8.16,$,Bourbon-like,USA,Bourbon
Yellowstone Select,8.14,$$$,Bourbon-like,USA,Bourbon
Bib & Tucker 6yo Bourbon,8.13,$$$,Bourbon-like,USA,Bourbon
Tincup American Whiskey,8.13,$$,Bourbon-like,USA,Bourbon
Old Fitzgerald BiB,8.12,$$$,Bourbon-like,USA,Bourbon
Old Forester,8.08,$$,Bourbon-like,USA,Bourbon
Wild Turkey 81 Bourbon,8.07,$,Bourbon-like,USA,Bourbon
Jim Beam Devil's Cut,8.06,$,Bourbon-like,USA,Bourbon
Henry McKenna Straight Bourbon,8.05,$,Bourbon-like,USA,Bourbon
Jack Daniel's No. 27 Gold Double Barrelled,8.03,$$$$,Bourbon-like,USA,Bourbon
Mellow Corn BiB,8.01,$,Bourbon-like,USA,Bourbon
Old Grand-Dad Bourbon (80/86 Proof),8.01,$$,Bourbon-like,USA,Bourbon
Stagg Jr batch 2 (128.7 proof),7.97,$$$$,Bourbon-like,USA,Bourbon
66 Gilead The Wild Oak,7.94,$$,Bourbon-like,Canada,Blend
Jack Daniel's Old No. 7,7.94,$$,Bourbon-like,USA,Bourbon
Smooth Ambler Old Scout Yearling Bourbon,7.92,$$$,Bourbon-like,USA,Bourbon
Jefferson's Very Small Batch Bourbon,7.9,$$,Bourbon-like,USA,Bourbon
Jack Daniel's Gentleman Jack,7.85,$$,Bourbon-like,USA,Bourbon
Heaven Hill Old Syle Bourbon (white label),7.84,$,Bourbon-like,USA,Bourbon
Redemption High Rye Bourbon,7.81,$$,Bourbon-like,USA,Bourbon
Ancient Age Kentucky Straight Bourbon,7.79,$,Bourbon-like,USA,Bourbon
Ezra Brooks Black Label,7.78,$,Bourbon-like,USA,Bourbon
Jim Beam Distillers Series,7.72,$$,Bourbon-like,USA,Bourbon
Ezra B 12yo Single Barrel,7.69,$$$,Bourbon-like,USA,Bourbon
Jim Beam White Label,7.67,$,Bourbon-like,USA,Bourbon
Rebel Yell Kentucky Bourbon,7.45,$,Bourbon-like,USA,Bourbon
Jim Beam Red Stag (Black Cherry),7.42,$,Bourbon-like,USA,Flavoured
Virginia Black,7.29,$$,Bourbon-like,USA,Bourbon
